Peptides, PeptideUnique, RateConstants, Correlations, RootMeanRSS, AbsoluteIsotopeError, Charge, m/z(Sequence), NEH, Aboundance, NDP, Rsquared,sigma,CI lower band, CI upper band
YDDMAAcMK, Yes, 0.00000, -2.000000, 0.066746, 0.190779,  2,   552.71155,  16, 23954030.000000, 39.000000, -21.598236, 0.002063, 0.000000, 5.056560
YLAEVAAGDDK, Yes, 0.02200, 0.556968, 0.096834, 0.021342,  2,   576.28259,  23, 8487130.000000, 39.000000, 0.232646, 0.005044, 0.011788, 0.032208
YLAEVAAGDDKK, Yes, 0.00001, 0.133717, 0.017609, 0.060617,  3,   427.22247,  24, 32526640.000000, 39.000000, -6.914539, 0.000599, 0.000000, 4.234240
FLIPNASQAESK, Yes, 0.00001, 0.031519, 0.011535, 0.036747,  2,   652.84589,  28, 318350560.000000, 39.000000, -16.629156, 0.000402, 0.000000, 4.135029
DIcNDVLSLLEK, Yes, 0.00002, 0.126440, 0.016030, 0.047885,  2,   709.86340,  17, 210234224.000000, 39.000000, -0.005231, 0.000494, 0.000000, 3.938083
GIVDQSQQAYQEAFEISK, Yes, 0.00012, -0.226375, 0.060558, 0.042640,  2,  1020.99725,  44, 68542800.000000, 23.000000, -0.024934, 0.002986, 0.000000, 4.042559
TAFDEAIAELDTLSEESYK, Yes, 0.00006, 0.210871, 0.032563, 0.046120,  3,   711.33545,  40, 126394968.000000, 38.000000, -0.117564, 0.001159, 0.000000, 4.146663
IETELRDIcNDVLSLLEK, Yes, 0.00001, 0.020522, 0.039082, 0.109220,  3,   720.71204,  30, 1249458.625000, 39.000000, -0.414937, 0.001560, 0.000000, 4.438356
GIVDQSQQAYQEAFEISKK, Yes, 0.00003, -0.269468, 0.009174, 0.088977,  3,   723.69891,  45, 18246616.000000, 39.000000, -1.078865, 0.000390, 0.000000, 4.059623
KGIVDQSQQAYQEAFEISK, Yes, 0.00003, 0.236945, 0.012073, 0.056318,  3,   723.69891,  45, 24589672.000000, 39.000000, -2.254639, 0.000495, 0.000000, 4.128233
DNLTLWTSDTQGDEAEAGEGGEN, Yes, 0.00003, 0.224483, 0.019491, 0.072588,  3,   803.67023,  49, 14072155.000000, 29.000000, -1.080719, 0.000950, 0.000000, 4.238019
SVTEQGAELSNEERNLLSVAYK, Yes, 0.00002, 0.272350, 0.030211, 0.133647,  3,   813.07837,  48, 1009957.000000, 24.000000, -0.885790, 0.001507, 0.000000, 4.440475
SVTEQGAELSNEER, Yes, 0.00002, 0.010506, 0.015334, 0.047721,  3,   516.90936,  37, 11178471.000000, 39.000000, -1.127059, 0.000435, 0.000000, 4.094181
LAEQAERYDDMAAcMK, Yes, 0.00001, -2.000000, 0.081921, 0.275769,  3,   634.61121,  40, 1080464.375000, 36.000000, -0.442499, 0.002664, 0.000000, 4.839009
GIVDQSQQAYQEAFEISK, Yes, 0.00451, 0.019902, 0.059420, 0.073074,  3,   681.00061,  44, 55007436.000000, 34.000000, -0.076519, 0.003622, 0.000000, 4.069644
SVTEQGAELSNEER, Yes, 0.00002, 0.414495, 0.009460, 0.019771,  2,   774.86041,  37, 86522128.000000, 39.000000, -8.632669, 0.000313, 0.000000, 4.078917
KGIVDQSQQAYQEAFEISK, Yes, 0.00001, 0.182661, 0.048146, 0.119189,  2,  1085.04480,  45, 616417.312500, 39.000000, -0.444240, 0.001696, 0.000000, 4.504262
DNLTLWTSDTQGDEAEAGEGGEN, Yes, 0.00002, 0.158087, 0.025086, 0.103764,  2,  1205.00171,  49, 5948494.500000, 36.000000, -0.323038, 0.001991, 0.000000, 4.501935


MeanRateConst/CorrCutOff, 0.000016, 0.900000


MedianRateConst/RMSSCutOff, 0.000019, 0.050000
StandDev/NumberPeptides, 0.000005, 9
TotalIonCurrent, 8.62155e+10
