PeptideSeq,Charge,Abun,mz,NDP,t0,i0,m0,t1,i1,m1,t2,i2,m2,t3,i3,m3,t6,i6,m6,t7,i7,m7,t9,i9,m9,t13,i13,m13,t16,i16,m16,t21,i21,m21,t24,i24,m24,t31,i31,m31
PLQPEFSGSR,2,6650235,559.28546,9,1834.069946,36.18,559.28998,30.2052775,30.45,559.28845,1835.839233,0,559.28998,30.6516875,0,559.28998,30.668099,35.64,559.78754,30.340225,0,559.28998,30.345539,0,559.28998,29.994745,0,559.28998,30.1634295,0,559.28998,30.43192,0,559.28998,29.7745465,0,559.28998,,,0
SSSFSQGEAEPR,2,22635776,641.28894,11,22.8235755,59.29,641.29102,23.1884595,58.97,641.29065,22.9515455,58.64,641.289,22.9184925,40.12,641.29059,23.212718,63.16,641.79248,23.3469095,49.42,641.29065,22.9293615,28.93,641.28979,22.761241,45.28,641.29138,22.6698665,45.11,641.79492,23.025749,0,641.29102,22.878389,0,641.29102,,,0
GTPDSPAQPAAAPR,2,4810854.875,668.33618,11,22.8396415,35.64,668.34094,22.6966895,38.59,668.34045,22.924457,38.24,668.33795,22.885513,37.7,668.33728,22.838831,18.24,668.33838,23.324832,27.56,668.83929,23.329232,32.09,668.33765,23.286632,0,668.34094,22.6510365,0,668.34094,22.9424705,19.39,668.84277,22.7961895,0,668.34094,,,0
YLVLIAEScGNR,2,10471834,697.85846,11,46.703863,36.64,698.36346,46.4441185,39.66,697.85815,47.066345,0,698.36346,46.742033,38.68,697.86145,46.6663685,34.24,698.35925,46.780592,44.16,697.85907,46.81304,34.26,698.3631,46.7069645,0,698.36346,46.571575,0,698.36346,46.6495245,0,698.36346,46.508497,0,698.36346,,,0
AcSVTLELAEAPR,2,3070241.57142857,708.86121,11,44.2645325,48.19,708.86371,44.105047,44.39,709.36328,44.219677,39.55,708.86334,44.209261,47.51,708.86182,44.314606,0,708.86371,44.018032,21.97,708.86133,44.2749385,46.34,709.36517,44.409218,0,708.86371,44.0749015,0,708.86371,44.3680875,0,708.86371,44.1828995,45.47,709.37085,,,0
VVVSGTPQPSLSWFR,2,9501257,830.44629,11,57.2059095,21.58,830.44971,57.6488135,48.69,830.45142,57.859068,40.31,830.45026,57.766592,18.71,830.44855,57.7805115,32.68,830.4494,57.3358575,0,830.44971,57.8318995,0,830.44971,57.687012,24.92,830.95074,57.71603,0,830.44971,57.199093,28.88,830.95221,57.781399,0,830.44971,,,0
IVDFGSAQPYNPQALKPLGHR,4,7420614.75,577.81036,10,43.26329,18.76,577.81323,43.1448595,24.88,578.3136,43.2566795,27.52,578.06232,43.2072735,16.96,578.06061,43.1716465,0,577.81323,43.287756,0,577.81323,43.30101,0,577.81323,43.120804,0,577.81323,43.1146675,0,577.81323,43.905582,0,577.81323,2589.899414,0,577.81323,,,0
ISGTPPPSVTWTHFGHPVNEGDNLR,4,6044930,679.58734,10,42.3753605,25.33,680.09271,42.205591,0,680.09271,42.3633995,0,680.09271,42.2716295,21.39,679.58881,42.2112175,0,680.09271,42.2878245,0,680.09271,42.3321115,0,680.09271,42.2078935,0,680.09271,42.097078,0,680.09271,42.2978995,0,680.09271,2533.994873,0,680.09271,,,0
TGTLEFMAPEMVK,2,5771020.5,727.35693,11,54.254604,0,727.35718,54.0389275,0,727.35718,53.923824,0,727.35718,54.2392805,20.79,727.35718,53.8530045,0,727.35718,54.358736,0,727.35718,54.3032305,16.21,727.36035,53.8732185,0,727.35718,54.126247,0,727.35718,54.1709805,0,727.35718,53.691685,0,727.35718,,,0
LMSLHEAYITPR,3,10821510,477.58685,11,38.2751675,0,477.58789,38.4627765,0,477.58789,38.2587965,0,477.58789,38.221481,0,477.58789,38.5577965,0,477.58789,38.53335,0,477.58789,38.2679805,0,477.58789,38.4646705,33.43,477.58789,38.452684,0,477.58789,38.5545865,19.53,477.58951,38.8199765,0,477.58789,,,0
AVGPPPATPPR,2,5430380.57142857,530.3009,11,25.387147,0,530.80542,25.293893,26.3,530.80542,25.503083,0,530.80542,25.464506,39.65,530.80365,25.4679925,39.39,530.80432,25.4315205,0,530.80542,25.447861,0,530.80542,25.791439,28.9,530.8045,25.244126,28.44,530.80676,25.455875,33.98,530.80542,25.4002985,20.37,530.80518,,,0
EVVSSPTPESTTLR,2,2557092.33333333,751.88849,11,32.996378,0,751.89044,32.944225,0,751.89044,33.0535105,0,751.89044,33.1284235,0,751.89044,33.088156,26.44,751.89044,33.004696,26.72,751.88818,33.1368405,0,751.89044,32.962376,26.76,752.3938,32.9507065,0,751.89044,33.023151,0,751.89044,32.961695,0,751.89044,,,0

