6PGD1_YEAST,,,,,,,,,,,,,,,,,,,,,,,,,,,,,,,,,,,,,,,,,,,,,,,,,,,,,,,,,,,,,,,,,,,,,,,,,,,,,,,,,,,,,,,,,,,,,,,,,,,,,,,,,,,,,,,,,,,,,,,,,,,,,,,,,,,,,,,,,,,,,,,,,,,,,,,,,,,,,,,,,,,,,,,,,,,,,,,,,,,,,,,,,,,,,,,,,,,,,,,,,,,,,,,,,,,,,,,,,,,,,,,,,,,,,,,,,,,,,,,,,,,,,,,,,,,,,,,,,,,,,,,,,,,,,,,,,,,,,,,,,,,,,,,,,,,,,,,,,,,,,,,,,,,,,,,,,,,,,,,,,,,,,,,,,,,,,,,,,,,,,,,,,,,,,,,,,,,,,,,,,,,,,,,,,,,,,,,,,,,,,,,,,,,,,,,,,,,,,,,,,,,,,,,,,,,,,,,,,,,,,,,,,,,,,,,,,,,,,,,,,,,,,,,,,,,,,,,,,,,,,,,,,,,,,,,,,,,,,,,,,,,,,,,,,,,,,,,,,,,,,,,,,,,,,,,,,,,,,,,,,,,,,,,,,,,,,,,,,,,,,,,,,,,,,,,,,,,,,,,,,,,,,,,,,,,,,,,,,,,,,,,,,,,,,,,,,,,,,,,,,,,,,,,,,,,,,,,,,,,,,,,,,,,,,,,,,,,,,,,,,,,,,,,,,,,,
6-phosphogluconate dehydrogenase  decarboxylating 1 OS=Saccharomyces cerevisiae (strain ATCC 204508 / S288c) OX=559292 GN=GND1 PE=1 SV=1,,,,,,,,,,,,,,,,,,,,,,,,,,,,,,,,,,,,,,,,,,,,,,,,,,,,,,,,,,,,,,,,,,,,,,,,,,,,,,,,,,,,,,,,,,,,,,,,,,,,,,,,,,,,,,,,,,,,,,,,,,,,,,,,,,,,,,,,,,,,,,,,,,,,,,,,,,,,,,,,,,,,,,,,,,,,,,,,,,,,,,,,,,,,,,,,,,,,,,,,,,,,,,,,,,,,,,,,,,,,,,,,,,,,,,,,,,,,,,,,,,,,,,,,,,,,,,,,,,,,,,,,,,,,,,,,,,,,,,,,,,,,,,,,,,,,,,,,,,,,,,,,,,,,,,,,,,,,,,,,,,,,,,,,,,,,,,,,,,,,,,,,,,,,,,,,,,,,,,,,,,,,,,,,,,,,,,,,,,,,,,,,,,,,,,,,,,,,,,,,,,,,,,,,,,,,,,,,,,,,,,,,,,,,,,,,,,,,,,,,,,,,,,,,,,,,,,,,,,,,,,,,,,,,,,,,,,,,,,,,,,,,,,,,,,,,,,,,,,,,,,,,,,,,,,,,,,,,,,,,,,,,,,,,,,,,,,,,,,,,,,,,,,,,,,,,,,,,,,,,,,,,,,,,,,,,,,,,,,,,,,,,,,,,,,,,,,,,,,,,,,,,,,,,,,,,,,,,,,,,,,,,,,,,,,,,,,,,,,,,,,,,,,,,,,,,
, , , , , , , , , , , ,a11849_human_90min_hrMS2, , , , , , , , , , , , , , , ,a11850_human_90min_hrMS2, , , , , , , , , , , , , , , ,a11851_human_90min_hrMS2, , , , , , , , , , , , , , , ,a11852_human_90min_hrMS2, , , , , , , , , , , , , , , ,a11853_human_90min_hrMS2, , , , , , , , , , , , , , , ,a11854_human_90min_hrMS2, , , , , , , , , , , , , , , ,a11855_human_90min_hrMS2, , , , , , , , , , , , , , , ,a11856_human_90min_hrMS2, , , , , , , , , , , , , , , ,a11857_human_90min_hrMS2, , , , , , , , , , , , , , , ,a11858_human_90min_hrMS2, , , , , , , , , , , , , , , ,a11859_human_90min_hrMS2, , , , , , , , , , , , , , , ,a11860_human_90min_hrMS2, , , , , , , , , , , , , , , ,a11861_human_90min_hrMS2, , , , , , , , , , , , , , , ,a11862_human_90min_hrMS2, , , , , , , , , , , , , , , ,a11863_human_90min_hrMS2, , , , , , , , , , , , , , , ,a11864_human_90min_hrMS2, , , , , , , , , , , , , , , ,a11865_human_90min_hrMS2, , , , , , , , , , , , , , , ,a11866_human_90min_hrMS2, , , , , , , , , , , , , , , ,a11867_human_90min_hrMS2, , , , , , , , , , , , , , , ,a11868_human_90min_hrMS2, , , , , , , , , , , , , , , ,a11869_human_yaeast_90min_hrMS2, , , , , , , , , , , , , , , ,a11870_human_yaeast_90min_hrMS2, , , , , , , , , , , , , , , ,a11871_human_yaeast_90min_hrMS2, , , , , , , , , , , , , , , ,a11872_human_yaeast_90min_hrMS2, , , , , , , , , , , , , , , ,a11873_human_yaeast_90min_hrMS2, , , , , , , , , , , , , , , ,a11874_human_yaeast_90min_hrMS2, , , , , , , , , , , , , , , ,a11875_human_yaeast_90min_hrMS2, , , , , , , , , , , , , , , ,a11876_human_yaeast_90min_hrMS2, , , , , , , , , , , , , , , ,a11877_human_yaeast_90min_hrMS2, , , , , , , , , , , , , , , ,a11878_human_yaeast_90min_hrMS2, , , , , , , , , , , , , , , ,a11879_human_yaeast_90min_hrMS2, , , , , , , , , , , , , , , ,a11880_human_yaeast_90min_hrMS2, , , , , , , , , , , , , , , ,a11881_human_yaeast_90min_hrMS2, , , , , , , , , , , , , , , ,a11882_human_yaeast_90min_hrMS2, , , , , , , , , , , , , , , ,a11883_human_yaeast_90min_hrMS2, , , , , , , , , , , , , , , ,a11884_human_yaeast_90min_hrMS2, , , , , , , , , , , , , , , ,a11885_human_yaeast_90min_hrMS2, , , , , , , , , , , , , , , ,a11886_human_yaeast_90min_hrMS2, , , , , , , , , , , , , , , ,a11887_human_yaeast_90min_hrMS2, , , , , , , , , , , , , , , ,a11888_human_yaeast_90min_hrMS2, , , , , , , , , , , , , , , , 
Peptide, UniqueToProtein, Exchangeable Hydrogens, Charge, m/z(Sequence), M0, M1, M2, M3, M4, M5, Total Labeling, m/z(Precursor), IonScore, Expectn, Error(ppm), Scan, I0, I1, I2, I3, I4, I5, Start Elution (min), End Elution (min), I0 Peak Width, Total Labeling, Net Labeling,m/z(Precursor), IonScore, Expectn, Error(ppm), Scan, I0, I1, I2, I3, I4, I5, Start Elution (min), End Elution (min), I0 Peak Width, Total Labeling, Net Labeling,m/z(Precursor), IonScore, Expectn, Error(ppm), Scan, I0, I1, I2, I3, I4, I5, Start Elution (min), End Elution (min), I0 Peak Width, Total Labeling, Net Labeling,m/z(Precursor), IonScore, Expectn, Error(ppm), Scan, I0, I1, I2, I3, I4, I5, Start Elution (min), End Elution (min), I0 Peak Width, Total Labeling, Net Labeling,m/z(Precursor), IonScore, Expectn, Error(ppm), Scan, I0, I1, I2, I3, I4, I5, Start Elution (min), End Elution (min), I0 Peak Width, Total Labeling, Net Labeling,m/z(Precursor), IonScore, Expectn, Error(ppm), Scan, I0, I1, I2, I3, I4, I5, Start Elution (min), End Elution (min), I0 Peak Width, Total Labeling, Net Labeling,m/z(Precursor), IonScore, Expectn, Error(ppm), Scan, I0, I1, I2, I3, I4, I5, Start Elution (min), End Elution (min), I0 Peak Width, Total Labeling, Net Labeling,m/z(Precursor), IonScore, Expectn, Error(ppm), Scan, I0, I1, I2, I3, I4, I5, Start Elution (min), End Elution (min), I0 Peak Width, Total Labeling, Net Labeling,m/z(Precursor), IonScore, Expectn, Error(ppm), Scan, I0, I1, I2, I3, I4, I5, Start Elution (min), End Elution (min), I0 Peak Width, Total Labeling, Net Labeling,m/z(Precursor), IonScore, Expectn, Error(ppm), Scan, I0, I1, I2, I3, I4, I5, Start Elution (min), End Elution (min), I0 Peak Width, Total Labeling, Net Labeling,m/z(Precursor), IonScore, Expectn, Error(ppm), Scan, I0, I1, I2, I3, I4, I5, Start Elution (min), End Elution (min), I0 Peak Width, Total Labeling, Net Labeling,m/z(Precursor), IonScore, Expectn, Error(ppm), Scan, I0, I1, I2, I3, I4, I5, Start Elution (min), End Elution (min), I0 Peak Width, Total Labeling, Net Labeling,m/z(Precursor), IonScore, Expectn, Error(ppm), Scan, I0, I1, I2, I3, I4, I5, Start Elution (min), End Elution (min), I0 Peak Width, Total Labeling, Net Labeling,m/z(Precursor), IonScore, Expectn, Error(ppm), Scan, I0, I1, I2, I3, I4, I5, Start Elution (min), End Elution (min), I0 Peak Width, Total Labeling, Net Labeling,m/z(Precursor), IonScore, Expectn, Error(ppm), Scan, I0, I1, I2, I3, I4, I5, Start Elution (min), End Elution (min), I0 Peak Width, Total Labeling, Net Labeling,m/z(Precursor), IonScore, Expectn, Error(ppm), Scan, I0, I1, I2, I3, I4, I5, Start Elution (min), End Elution (min), I0 Peak Width, Total Labeling, Net Labeling,m/z(Precursor), IonScore, Expectn, Error(ppm), Scan, I0, I1, I2, I3, I4, I5, Start Elution (min), End Elution (min), I0 Peak Width, Total Labeling, Net Labeling,m/z(Precursor), IonScore, Expectn, Error(ppm), Scan, I0, I1, I2, I3, I4, I5, Start Elution (min), End Elution (min), I0 Peak Width, Total Labeling, Net Labeling,m/z(Precursor), IonScore, Expectn, Error(ppm), Scan, I0, I1, I2, I3, I4, I5, Start Elution (min), End Elution (min), I0 Peak Width, Total Labeling, Net Labeling,m/z(Precursor), IonScore, Expectn, Error(ppm), Scan, I0, I1, I2, I3, I4, I5, Start Elution (min), End Elution (min), I0 Peak Width, Total Labeling, Net Labeling,m/z(Precursor), IonScore, Expectn, Error(ppm), Scan, I0, I1, I2, I3, I4, I5, Start Elution (min), End Elution (min), I0 Peak Width, Total Labeling, Net Labeling,m/z(Precursor), IonScore, Expectn, Error(ppm), Scan, I0, I1, I2, I3, I4, I5, Start Elution (min), End Elution (min), I0 Peak Width, Total Labeling, Net Labeling,m/z(Precursor), IonScore, Expectn, Error(ppm), Scan, I0, I1, I2, I3, I4, I5, Start Elution (min), End Elution (min), I0 Peak Width, Total Labeling, Net Labeling,m/z(Precursor), IonScore, Expectn, Error(ppm), Scan, I0, I1, I2, I3, I4, I5, Start Elution (min), End Elution (min), I0 Peak Width, Total Labeling, Net Labeling,m/z(Precursor), IonScore, Expectn, Error(ppm), Scan, I0, I1, I2, I3, I4, I5, Start Elution (min), End Elution (min), I0 Peak Width, Total Labeling, Net Labeling,m/z(Precursor), IonScore, Expectn, Error(ppm), Scan, I0, I1, I2, I3, I4, I5, Start Elution (min), End Elution (min), I0 Peak Width, Total Labeling, Net Labeling,m/z(Precursor), IonScore, Expectn, Error(ppm), Scan, I0, I1, I2, I3, I4, I5, Start Elution (min), End Elution (min), I0 Peak Width, Total Labeling, Net Labeling,m/z(Precursor), IonScore, Expectn, Error(ppm), Scan, I0, I1, I2, I3, I4, I5, Start Elution (min), End Elution (min), I0 Peak Width, Total Labeling, Net Labeling,m/z(Precursor), IonScore, Expectn, Error(ppm), Scan, I0, I1, I2, I3, I4, I5, Start Elution (min), End Elution (min), I0 Peak Width, Total Labeling, Net Labeling,m/z(Precursor), IonScore, Expectn, Error(ppm), Scan, I0, I1, I2, I3, I4, I5, Start Elution (min), End Elution (min), I0 Peak Width, Total Labeling, Net Labeling,m/z(Precursor), IonScore, Expectn, Error(ppm), Scan, I0, I1, I2, I3, I4, I5, Start Elution (min), End Elution (min), I0 Peak Width, Total Labeling, Net Labeling,m/z(Precursor), IonScore, Expectn, Error(ppm), Scan, I0, I1, I2, I3, I4, I5, Start Elution (min), End Elution (min), I0 Peak Width, Total Labeling, Net Labeling,m/z(Precursor), IonScore, Expectn, Error(ppm), Scan, I0, I1, I2, I3, I4, I5, Start Elution (min), End Elution (min), I0 Peak Width, Total Labeling, Net Labeling,m/z(Precursor), IonScore, Expectn, Error(ppm), Scan, I0, I1, I2, I3, I4, I5, Start Elution (min), End Elution (min), I0 Peak Width, Total Labeling, Net Labeling,m/z(Precursor), IonScore, Expectn, Error(ppm), Scan, I0, I1, I2, I3, I4, I5, Start Elution (min), End Elution (min), I0 Peak Width, Total Labeling, Net Labeling,m/z(Precursor), IonScore, Expectn, Error(ppm), Scan, I0, I1, I2, I3, I4, I5, Start Elution (min), End Elution (min), I0 Peak Width, Total Labeling, Net Labeling,m/z(Precursor), IonScore, Expectn, Error(ppm), Scan, I0, I1, I2, I3, I4, I5, Start Elution (min), End Elution (min), I0 Peak Width, Total Labeling, Net Labeling,m/z(Precursor), IonScore, Expectn, Error(ppm), Scan, I0, I1, I2, I3, I4, I5, Start Elution (min), End Elution (min), I0 Peak Width, Total Labeling, Net Labeling,m/z(Precursor), IonScore, Expectn, Error(ppm), Scan, I0, I1, I2, I3, I4, I5, Start Elution (min), End Elution (min), I0 Peak Width, Total Labeling, Net Labeling,m/z(Precursor), IonScore, Expectn, Error(ppm), Scan, I0, I1, I2, I3, I4, I5, Start Elution (min), End Elution (min), I0 Peak Width, Total Labeling, Net Labeling,
VLPGPEVPK,Yes,16,2,468.28165,56.716,30.961,9.655,2.196,0.401,0.062,58.772,468.28152,100,1.00E-03,0.3,14711,0.00E+00,0.00E+00,0.00E+00,0.00E+00,0.00E+00,0.00E+00,3939.100098,3939.100098,0,0,0,468.28152,100,1.00E-03,0.3,14711,0.00E+00,0.00E+00,0.00E+00,0.00E+00,0.00E+00,0.00E+00,3939.100098,3939.100098,0,0,0,468.28152,100,1.00E-03,0.3,14711,0.00E+00,0.00E+00,0.00E+00,0.00E+00,0.00E+00,0.00E+00,3939.100098,3939.100098,0,0,0,468.28152,100,1.00E-03,0.3,14711,0.00E+00,0.00E+00,0.00E+00,0.00E+00,0.00E+00,0.00E+00,3939.100098,3939.100098,0,0,0,468.28152,100,1.00E-03,0.3,14711,0.00E+00,0.00E+00,0.00E+00,0.00E+00,0.00E+00,0.00E+00,3939.100098,3939.100098,0,0,0,468.28152,100,1.00E-03,0.3,14711,0.00E+00,0.00E+00,0.00E+00,0.00E+00,0.00E+00,0.00E+00,3939.100098,3939.100098,0,0,0,468.28152,100,1.00E-03,0.3,14711,0.00E+00,0.00E+00,0.00E+00,0.00E+00,0.00E+00,0.00E+00,3939.100098,3939.100098,0,0,0,468.28152,100,1.00E-03,0.3,14711,0.00E+00,0.00E+00,0.00E+00,0.00E+00,0.00E+00,0.00E+00,3939.100098,3939.100098,0,0,0,468.28152,100,1.00E-03,0.3,14711,0.00E+00,0.00E+00,0.00E+00,0.00E+00,0.00E+00,0.00E+00,3939.100098,3939.100098,0,0,0,468.28152,100,1.00E-03,0.3,14711,0.00E+00,0.00E+00,0.00E+00,0.00E+00,0.00E+00,0.00E+00,3939.100098,3939.100098,0,0,0,468.28152,100,1.00E-03,0.3,14711,0.00E+00,0.00E+00,0.00E+00,0.00E+00,0.00E+00,0.00E+00,3939.100098,3939.100098,0,0,0,468.28152,100,1.00E-03,0.3,14711,0.00E+00,0.00E+00,0.00E+00,0.00E+00,0.00E+00,0.00E+00,3939.100098,3939.100098,0,0,0,468.28152,100,1.00E-03,0.3,14711,0.00E+00,0.00E+00,0.00E+00,0.00E+00,0.00E+00,0.00E+00,3939.100098,3939.100098,0,0,0,468.28152,100,1.00E-03,0.3,14711,0.00E+00,0.00E+00,0.00E+00,0.00E+00,0.00E+00,0.00E+00,3939.100098,3939.100098,0,0,0,468.28152,100,1.00E-03,0.3,14711,0.00E+00,0.00E+00,0.00E+00,0.00E+00,0.00E+00,0.00E+00,3939.100098,3939.100098,0,0,0,468.28152,100,1.00E-03,0.3,14711,0.00E+00,0.00E+00,0.00E+00,0.00E+00,0.00E+00,0.00E+00,3939.100098,3939.100098,0,0,0,468.28152,100,1.00E-03,0.3,14711,0.00E+00,0.00E+00,0.00E+00,0.00E+00,0.00E+00,0.00E+00,3939.100098,3939.100098,0,0,0,468.28152,100,1.00E-03,0.3,14711,0.00E+00,0.00E+00,0.00E+00,0.00E+00,0.00E+00,0.00E+00,3939.100098,3939.100098,0,0,0,468.28152,100,1.00E-03,0.3,14711,0.00E+00,0.00E+00,0.00E+00,0.00E+00,0.00E+00,0.00E+00,3939.100098,3939.100098,0,0,0,468.28152,100,1.00E-03,0.3,14711,0.00E+00,0.00E+00,0.00E+00,0.00E+00,0.00E+00,0.00E+00,3939.100098,3939.100098,0,0,0,468.28156,25.66,3.90E-03,0.2,14766,3.75E+06,1.82E+06,4.60E+05,5.22E+04,0.00E+00,0.00E+00,17.433853,17.584581,0.0001,0.327083,0.327083,468.2814,25.48,4.10E-03,0.5,13434,3.86E+06,1.66E+06,6.15E+05,0.00E+00,0.00E+00,0.00E+00,17.447632,17.597921,0.0001,0.301106,0.301106,468.28162,25.63,3.90E-03,0.1,14509,3.64E+06,2.13E+06,5.50E+05,4.41E+04,0.00E+00,0.00E+00,17.514391,17.715544,0.0001,0.368716,0.368716,468.28177,25.52,4.00E-03,-0.3,14735,3.73E+06,1.91E+06,7.57E+05,0.00E+00,0.00E+00,0.00E+00,17.460989,17.71162,0.0001,0.338661,0.338661,468.28168,25.53,4.00E-03,-0.1,14806,2.60E+06,1.32E+06,3.61E+05,0.00E+00,0.00E+00,0.00E+00,17.556469,17.756765,0.0001,0.336415,0.336415,468.28152,100,1.00E-03,0.3,14711,0.00E+00,0.00E+00,0.00E+00,0.00E+00,0.00E+00,0.00E+00,3939.100098,3939.100098,0,0,0,468.28162,25.44,4.10E-03,0.1,14835,3.87E+06,1.91E+06,5.59E+05,0.00E+00,0.00E+00,0.00E+00,17.502501,17.752647,0.0001,0.330221,0.330221,468.28159,25.22,4.30E-03,0.1,14921,3.93E+06,1.93E+06,5.88E+05,1.67E+05,0.00E+00,0.00E+00,17.652958,17.803932,0.0001,0.329271,0.329271,468.2818,25.71,3.90E-03,-0.3,14912,3.68E+06,1.72E+06,4.14E+05,5.60E+04,0.00E+00,0.00E+00,17.593477,17.693279,0.0001,0.319048,0.319048,468.28177,25.37,4.20E-03,-0.3,14866,3.10E+06,1.63E+06,5.24E+05,0.00E+00,0.00E+00,0.00E+00,17.671509,17.771479,0.0001,0.344193,0.344193,468.2818,25.42,4.10E-03,-0.3,14944,3.69E+06,1.74E+06,5.59E+05,0.00E+00,0.00E+00,0.00E+00,17.663326,17.813725,0.0001,0.320291,0.320291,468.28149,25.31,4.20E-03,0.3,14831,2.91E+06,1.73E+06,4.65E+05,5.61E+04,0.00E+00,0.00E+00,17.672907,17.773174,0.0001,0.372285,0.372285,468.2814,25.12,4.40E-03,0.5,14776,3.30E+06,1.41E+06,5.00E+05,5.80E+04,0.00E+00,0.00E+00,17.589451,17.739851,0.0001,0.298877,0.298877,468.28159,25.21,4.30E-03,0.1,15056,3.84E+06,1.93E+06,5.45E+05,1.17E+05,0.00E+00,0.00E+00,17.672785,17.872837,0.0001,0.334237,0.334237,468.2814,25.33,4.20E-03,0.5,13431,3.46E+06,1.84E+06,5.84E+05,0.00E+00,0.00E+00,0.00E+00,17.785936,17.936598,0.0001,0.346723,0.346723,468.28159,25.43,4.10E-03,0.1,14826,3.72E+06,1.93E+06,6.03E+05,0.00E+00,0.00E+00,0.00E+00,17.828783,18.028866,0.0001,0.341719,0.341719,468.28152,25.23,4.30E-03,0.3,14982,4.09E+06,2.26E+06,6.12E+05,0.00E+00,0.00E+00,0.00E+00,17.834372,18.034466,0.0001,0.355542,0.355542,468.28159,25.08,4.40E-03,0.1,15076,3.26E+06,1.61E+06,5.21E+05,8.55E+04,0.00E+00,0.00E+00,17.893679,18.044245,0.0001,0.330301,0.330301,468.28131,25.08,4.40E-03,0.7,14994,3.81E+06,1.98E+06,6.82E+05,0.00E+00,0.00E+00,0.00E+00,17.758257,17.958593,0.0001,0.341728,0.341728,468.28162,25.76,3.80E-03,0.1,15138,3.31E+06,1.67E+06,8.88E+05,0.00E+00,0.00E+00,0.00E+00,17.83246,18.3326,0.0001,0.335267,0.335267,
LPANLLQAQR,Yes,25,2,562.3327,52.128,32.663,11.531,2.951,0.605,0.104,67.518,562.33276,0,1.70E-02,-0.1,23426,0.00E+00,0.00E+00,0.00E+00,0.00E+00,0.00E+00,0.00E+00,3539.659912,3539.659912,0,0,0,562.33276,0,1.70E-02,-0.1,23426,0.00E+00,0.00E+00,0.00E+00,0.00E+00,0.00E+00,0.00E+00,3539.659912,3539.659912,0,0,0,562.33276,0,1.70E-02,-0.1,23426,0.00E+00,0.00E+00,0.00E+00,0.00E+00,0.00E+00,0.00E+00,3539.659912,3539.659912,0,0,0,562.33276,0,1.70E-02,-0.1,23426,0.00E+00,0.00E+00,0.00E+00,0.00E+00,0.00E+00,0.00E+00,3539.659912,3539.659912,0,0,0,562.33276,0,1.70E-02,-0.1,23426,0.00E+00,0.00E+00,0.00E+00,0.00E+00,0.00E+00,0.00E+00,3539.659912,3539.659912,0,0,0,562.33276,0,1.70E-02,-0.1,23426,0.00E+00,0.00E+00,0.00E+00,0.00E+00,0.00E+00,0.00E+00,3539.659912,3539.659912,0,0,0,562.33276,0,1.70E-02,-0.1,23426,0.00E+00,0.00E+00,0.00E+00,0.00E+00,0.00E+00,0.00E+00,3539.659912,3539.659912,0,0,0,562.33276,0,1.70E-02,-0.1,23426,0.00E+00,0.00E+00,0.00E+00,0.00E+00,0.00E+00,0.00E+00,3539.659912,3539.659912,0,0,0,562.33276,0,1.70E-02,-0.1,23426,0.00E+00,0.00E+00,0.00E+00,0.00E+00,0.00E+00,0.00E+00,3539.659912,3539.659912,0,0,0,562.33276,0,1.70E-02,-0.1,23426,0.00E+00,0.00E+00,0.00E+00,0.00E+00,0.00E+00,0.00E+00,3539.659912,3539.659912,0,0,0,562.33276,0,1.70E-02,-0.1,23426,0.00E+00,0.00E+00,0.00E+00,0.00E+00,0.00E+00,0.00E+00,3539.659912,3539.659912,0,0,0,562.33276,0,1.70E-02,-0.1,23426,0.00E+00,0.00E+00,0.00E+00,0.00E+00,0.00E+00,0.00E+00,3539.659912,3539.659912,0,0,0,562.33276,0,1.70E-02,-0.1,23426,0.00E+00,0.00E+00,0.00E+00,0.00E+00,0.00E+00,0.00E+00,3539.659912,3539.659912,0,0,0,562.33276,0,1.70E-02,-0.1,23426,0.00E+00,0.00E+00,0.00E+00,0.00E+00,0.00E+00,0.00E+00,3539.659912,3539.659912,0,0,0,562.33276,0,1.70E-02,-0.1,23426,0.00E+00,0.00E+00,0.00E+00,0.00E+00,0.00E+00,0.00E+00,3539.659912,3539.659912,0,0,0,562.33276,0,1.70E-02,-0.1,23426,0.00E+00,0.00E+00,0.00E+00,0.00E+00,0.00E+00,0.00E+00,3539.659912,3539.659912,0,0,0,562.33276,0,1.70E-02,-0.1,23426,0.00E+00,0.00E+00,0.00E+00,0.00E+00,0.00E+00,0.00E+00,3539.659912,3539.659912,0,0,0,562.33276,0,1.70E-02,-0.1,23426,0.00E+00,0.00E+00,0.00E+00,0.00E+00,0.00E+00,0.00E+00,3539.659912,3539.659912,0,0,0,562.33276,0,1.70E-02,-0.1,23426,0.00E+00,0.00E+00,0.00E+00,0.00E+00,0.00E+00,0.00E+00,3539.659912,3539.659912,0,0,0,562.33276,0,1.70E-02,-0.1,23426,0.00E+00,0.00E+00,0.00E+00,0.00E+00,0.00E+00,0.00E+00,3539.659912,3539.659912,0,0,0,, , , , , , , , , , , , , , , ,, , , , , , , , , , , , , , , ,, , , , , , , , , , , , , , , ,, , , , , , , , , , , , , , , ,, , , , , , , , , , , , , , , ,562.33276,0,1.70E-02,-0.1,23426,0.00E+00,0.00E+00,0.00E+00,0.00E+00,0.00E+00,0.00E+00,3539.659912,3539.659912,0,0,0,, , , , , , , , , , , , , , , ,, , , , , , , , , , , , , , , ,, , , , , , , , , , , , , , , ,, , , , , , , , , , , , , , , ,, , , , , , , , , , , , , , , ,, , , , , , , , , , , , , , , ,, , , , , , , , , , , , , , , ,, , , , , , , , , , , , , , , ,, , , , , , , , , , , , , , , ,, , , , , , , , , , , , , , , ,, , , , , , , , , , , , , , , ,, , , , , , , , , , , , , , , ,, , , , , , , , , , , , , , , ,, , , , , , , , , , , , , , , ,
LNNPAIALMWR,Yes,21,2,649.85553,44.098,33.142,15.469,5.371,1.493,0.346,87.896,649.85547,0,1.80E-03,0.1,58122,0.00E+00,0.00E+00,0.00E+00,0.00E+00,0.00E+00,0.00E+00,819.864014,819.864014,0,0,0,649.85547,0,1.80E-03,0.1,58122,0.00E+00,0.00E+00,0.00E+00,0.00E+00,0.00E+00,0.00E+00,819.864014,819.864014,0,0,0,649.85547,0,1.80E-03,0.1,58122,0.00E+00,0.00E+00,0.00E+00,0.00E+00,0.00E+00,0.00E+00,819.864014,819.864014,0,0,0,649.85547,0,1.80E-03,0.1,58122,0.00E+00,0.00E+00,0.00E+00,0.00E+00,0.00E+00,0.00E+00,819.864014,819.864014,0,0,0,649.85547,0,1.80E-03,0.1,58122,0.00E+00,0.00E+00,0.00E+00,0.00E+00,0.00E+00,0.00E+00,819.864014,819.864014,0,0,0,649.85547,0,1.80E-03,0.1,58122,0.00E+00,0.00E+00,0.00E+00,0.00E+00,0.00E+00,0.00E+00,819.864014,819.864014,0,0,0,649.85547,0,1.80E-03,0.1,58122,0.00E+00,0.00E+00,0.00E+00,0.00E+00,0.00E+00,0.00E+00,819.864014,819.864014,0,0,0,649.85547,0,1.80E-03,0.1,58122,0.00E+00,0.00E+00,0.00E+00,0.00E+00,0.00E+00,0.00E+00,819.864014,819.864014,0,0,0,649.85547,0,1.80E-03,0.1,58122,0.00E+00,0.00E+00,0.00E+00,0.00E+00,0.00E+00,0.00E+00,819.864014,819.864014,0,0,0,649.85547,0,1.80E-03,0.1,58122,0.00E+00,0.00E+00,0.00E+00,0.00E+00,0.00E+00,0.00E+00,819.864014,819.864014,0,0,0,649.85547,0,1.80E-03,0.1,58122,0.00E+00,0.00E+00,0.00E+00,0.00E+00,0.00E+00,0.00E+00,819.864014,819.864014,0,0,0,649.85547,0,1.80E-03,0.1,58122,0.00E+00,0.00E+00,0.00E+00,0.00E+00,0.00E+00,0.00E+00,819.864014,819.864014,0,0,0,649.85547,0,1.80E-03,0.1,58122,0.00E+00,0.00E+00,0.00E+00,0.00E+00,0.00E+00,0.00E+00,819.864014,819.864014,0,0,0,649.85547,0,1.80E-03,0.1,58122,0.00E+00,0.00E+00,0.00E+00,0.00E+00,0.00E+00,0.00E+00,819.864014,819.864014,0,0,0,649.85547,0,1.80E-03,0.1,58122,0.00E+00,0.00E+00,0.00E+00,0.00E+00,0.00E+00,0.00E+00,819.864014,819.864014,0,0,0,649.85547,0,1.80E-03,0.1,58122,0.00E+00,0.00E+00,0.00E+00,0.00E+00,0.00E+00,0.00E+00,819.864014,819.864014,0,0,0,649.85547,0,1.80E-03,0.1,58122,0.00E+00,0.00E+00,0.00E+00,0.00E+00,0.00E+00,0.00E+00,819.864014,819.864014,0,0,0,649.85547,0,1.80E-03,0.1,58122,0.00E+00,0.00E+00,0.00E+00,0.00E+00,0.00E+00,0.00E+00,819.864014,819.864014,0,0,0,649.85547,0,1.80E-03,0.1,58122,0.00E+00,0.00E+00,0.00E+00,0.00E+00,0.00E+00,0.00E+00,819.864014,819.864014,0,0,0,649.85547,0,1.80E-03,0.1,58122,0.00E+00,0.00E+00,0.00E+00,0.00E+00,0.00E+00,0.00E+00,819.864014,819.864014,0,0,0,649.85547,31.75,8.40E-03,0.1,58112,2.19E+06,1.73E+06,4.54E+05,6.40E+04,0.00E+00,0.00E+00,58.736748,58.936882,0.0001,0.441334,0.441334,649.85522,44.71,3.00E-04,0.5,56790,2.07E+06,1.30E+06,5.84E+05,1.11E+05,0.00E+00,0.00E+00,58.787174,58.987621,0.0001,0.385159,0.385159,649.85541,55.37,4.80E-05,0.2,57946,2.62E+06,1.68E+06,5.74E+05,1.24E+05,0.00E+00,0.00E+00,58.856781,59.106724,0.0001,0.390252,0.390252,649.85541,54.97,6.10E-05,0.2,58119,1.94E+06,1.23E+06,7.01E+05,6.36E+04,0.00E+00,1.50E+05,58.887192,59.137184,0.0001,0.388197,0.388197,649.85663,50.29,5.50E-05,-1.7,58233,2.47E+06,1.72E+06,6.63E+05,1.76E+05,0.00E+00,0.00E+00,58.924046,59.223927,0.0001,0.411193,0.411193,649.85547,0,1.80E-03,0.1,58122,0.00E+00,0.00E+00,0.00E+00,0.00E+00,0.00E+00,0.00E+00,819.864014,819.864014,0,0,0,649.85559,46.19,3.80E-04,-0.1,58199,2.43E+06,1.74E+06,5.73E+05,0.00E+00,0.00E+00,1.64E+05,58.930527,59.179829,0.0001,0.416881,0.416881,649.85553,48.62,2.00E-04,0,58356,2.56E+06,1.48E+06,6.38E+05,4.02E+04,0.00E+00,0.00E+00,59.004086,59.254784,0.0001,0.367309,0.367309,649.8559,47.53,2.70E-04,-0.6,58347,2.34E+06,1.46E+06,5.25E+05,1.68E+05,0.00E+00,0.00E+00,58.964371,59.113594,0.0001,0.38424,0.38424,649.85583,39.85,1.50E-03,-0.5,58267,1.84E+06,1.16E+06,3.36E+05,5.33E+04,0.00E+00,0.00E+00,58.988029,59.138607,0.0001,0.388016,0.388016,649.85553,53.07,8.30E-05,0,58436,2.54E+06,1.48E+06,6.06E+05,1.12E+05,0.00E+00,0.00E+00,59.040249,59.239223,0.0001,0.368037,0.368037,649.8559,45.8,3.90E-04,-0.6,58344,2.63E+06,1.94E+06,6.81E+05,9.09E+04,0.00E+00,1.88E+05,58.962006,59.211411,0.0001,0.424557,0.424557,649.85565,69.3,1.60E-06,-0.2,58372,2.47E+06,2.00E+06,6.92E+05,2.36E+05,0.00E+00,0.00E+00,59.016644,59.317886,0.0001,0.447942,0.447942,649.85571,42.14,5.90E-04,-0.3,58574,2.41E+06,2.01E+06,7.49E+05,1.59E+05,0.00E+00,0.00E+00,59.075344,59.375996,0.0001,0.454213,0.454213,649.85541,30.18,7.20E-03,0.2,56782,1.65E+06,1.18E+06,4.49E+05,4.35E+04,0.00E+00,1.04E+05,59.17635,59.475742,0.0001,0.418083,0.418083,649.85541,51.14,1.50E-04,0.2,58373,1.98E+06,1.64E+06,5.07E+05,1.30E+05,0.00E+00,0.00E+00,59.226727,59.425629,0.0001,0.453092,0.453092,649.85608,48.67,3.40E-05,-0.8,58451,2.30E+06,1.54E+06,6.97E+05,1.21E+05,0.00E+00,1.74E+05,59.262646,59.462742,0.0001,0.400813,0.400813,649.85596,42.87,9.50E-05,-0.7,58620,2.48E+06,1.33E+06,6.92E+05,5.81E+04,0.00E+00,0.00E+00,59.289978,59.490078,0.0001,0.348631,0.348631,649.85529,48.24,2.50E-04,0.4,58614,1.63E+06,1.01E+06,4.78E+05,0.00E+00,0.00E+00,0.00E+00,59.347252,59.547005,0.0001,0.38411,0.38411,649.85596,46.22,6.60E-05,-0.7,58693,2.27E+06,1.80E+06,6.18E+05,7.12E+04,0.00E+00,2.05E+05,59.264481,59.515034,0.0001,0.442221,0.442221,
FDDVDGKPLVEK,Yes,17,3,454.56976,45.112,34.189,14.678,4.579,1.146,0.243,83.081,454.56992,0,8.80E-03,-0.3,10617,0.00E+00,0.00E+00,0.00E+00,0.00E+00,0.00E+00,0.00E+00,3939.100098,3939.100098,0,0,0,454.56992,0,8.80E-03,-0.3,10617,0.00E+00,0.00E+00,0.00E+00,0.00E+00,0.00E+00,0.00E+00,3939.100098,3939.100098,0,0,0,454.56992,0,8.80E-03,-0.3,10617,0.00E+00,0.00E+00,0.00E+00,0.00E+00,0.00E+00,0.00E+00,3939.100098,3939.100098,0,0,0,454.56992,0,8.80E-03,-0.3,10617,0.00E+00,0.00E+00,0.00E+00,0.00E+00,0.00E+00,0.00E+00,3939.100098,3939.100098,0,0,0,454.56992,0,8.80E-03,-0.3,10617,0.00E+00,0.00E+00,0.00E+00,0.00E+00,0.00E+00,0.00E+00,3939.100098,3939.100098,0,0,0,454.56992,0,8.80E-03,-0.3,10617,0.00E+00,0.00E+00,0.00E+00,0.00E+00,0.00E+00,0.00E+00,3939.100098,3939.100098,0,0,0,454.56992,0,8.80E-03,-0.3,10617,0.00E+00,0.00E+00,0.00E+00,0.00E+00,0.00E+00,0.00E+00,3939.100098,3939.100098,0,0,0,454.56992,0,8.80E-03,-0.3,10617,0.00E+00,0.00E+00,0.00E+00,0.00E+00,0.00E+00,0.00E+00,3939.100098,3939.100098,0,0,0,454.56992,0,8.80E-03,-0.3,10617,0.00E+00,0.00E+00,0.00E+00,0.00E+00,0.00E+00,0.00E+00,3939.100098,3939.100098,0,0,0,454.56992,0,8.80E-03,-0.3,10617,0.00E+00,0.00E+00,0.00E+00,0.00E+00,0.00E+00,0.00E+00,3939.100098,3939.100098,0,0,0,454.56992,0,8.80E-03,-0.3,10617,0.00E+00,0.00E+00,0.00E+00,0.00E+00,0.00E+00,0.00E+00,3939.100098,3939.100098,0,0,0,454.56992,0,8.80E-03,-0.3,10617,0.00E+00,0.00E+00,0.00E+00,0.00E+00,0.00E+00,0.00E+00,3939.100098,3939.100098,0,0,0,454.56992,0,8.80E-03,-0.3,10617,0.00E+00,0.00E+00,0.00E+00,0.00E+00,0.00E+00,0.00E+00,3939.100098,3939.100098,0,0,0,454.56992,0,8.80E-03,-0.3,10617,0.00E+00,0.00E+00,0.00E+00,0.00E+00,0.00E+00,0.00E+00,3939.100098,3939.100098,0,0,0,454.56992,0,8.80E-03,-0.3,10617,0.00E+00,0.00E+00,0.00E+00,0.00E+00,0.00E+00,0.00E+00,3939.100098,3939.100098,0,0,0,454.56992,0,8.80E-03,-0.3,10617,0.00E+00,0.00E+00,0.00E+00,0.00E+00,0.00E+00,0.00E+00,3939.100098,3939.100098,0,0,0,454.56992,0,8.80E-03,-0.3,10617,0.00E+00,0.00E+00,0.00E+00,0.00E+00,0.00E+00,0.00E+00,3939.100098,3939.100098,0,0,0,454.56992,0,8.80E-03,-0.3,10617,0.00E+00,0.00E+00,0.00E+00,0.00E+00,0.00E+00,0.00E+00,3939.100098,3939.100098,0,0,0,454.56992,0,8.80E-03,-0.3,10617,0.00E+00,0.00E+00,0.00E+00,0.00E+00,0.00E+00,0.00E+00,3939.100098,3939.100098,0,0,0,454.56992,0,8.80E-03,-0.3,10617,0.00E+00,0.00E+00,0.00E+00,0.00E+00,0.00E+00,0.00E+00,3939.100098,3939.100098,0,0,0,454.56973,0,0.00E+00,0.1,10425,2.07E+06,1.40E+06,7.06E+05,0.00E+00,0.00E+00,7.10E+04,13.526984,13.627334,0.0001,0.403108,0.403108,454.56976,19.36,1.50E-02,0,9365,2.69E+06,1.91E+06,8.17E+05,0.00E+00,0.00E+00,0.00E+00,13.544584,13.695431,0.0001,0.414534,0.414534,454.56973,25.14,4.40E-03,0.1,10425,2.46E+06,1.57E+06,7.38E+05,2.64E+05,5.14E+04,0.00E+00,13.561076,13.71172,0.0001,0.38912,0.38912,454.56979,22.3,8.10E-03,-0.1,10680,2.12E+06,1.48E+06,3.65E+05,1.78E+05,5.17E+04,0.00E+00,13.650812,13.750723,0.0001,0.411258,0.411258,454.57016,18.82,1.90E-02,-0.9,10585,2.03E+06,1.48E+06,6.72E+05,1.16E+05,0.00E+00,0.00E+00,13.516102,13.666537,0.0001,0.421544,0.421544,454.56992,0,8.80E-03,-0.3,10617,0.00E+00,0.00E+00,0.00E+00,0.00E+00,0.00E+00,0.00E+00,3939.100098,3939.100098,0,0,0,454.56973,0,0.00E+00,0.1,10425,1.65E+06,1.24E+06,3.35E+05,1.53E+05,5.43E+04,5.91E+04,13.201527,13.752399,0.0001,0.429602,0.429602,454.56973,0,0.00E+00,0.1,10425,2.70E+06,1.72E+06,7.34E+05,0.00E+00,0.00E+00,0.00E+00,13.655287,13.756021,0.0001,0.38952,0.38952,454.56973,0,0.00E+00,0.1,10425,2.75E+06,1.94E+06,9.19E+05,1.66E+05,5.87E+04,0.00E+00,13.586032,13.686136,0.0001,0.412946,0.412946,454.56995,21.33,1.00E-02,-0.4,10619,2.94E+06,1.44E+06,6.47E+05,6.00E+04,0.00E+00,0.00E+00,13.572512,13.723747,0.0001,0.328887,0.328887,454.56973,0,0.00E+00,0.1,10425,2.09E+06,1.79E+06,6.89E+05,8.35E+04,0.00E+00,0.00E+00,13.654065,13.804594,0.0001,0.4605,0.4605,454.56973,0,0.00E+00,0.1,10425,2.45E+06,1.86E+06,9.29E+05,3.47E+05,0.00E+00,0.00E+00,13.6248,13.72482,0.0001,0.431021,0.431021,454.56973,0,0.00E+00,0.1,10425,1.78E+06,1.51E+06,5.21E+05,2.36E+05,6.49E+04,0.00E+00,13.632253,13.731716,0.0001,0.458872,0.458872,454.57013,19.56,1.50E-02,-0.8,10906,2.04E+06,1.46E+06,5.35E+05,2.63E+05,0.00E+00,0.00E+00,13.712954,13.812973,0.0001,0.417274,0.417274,454.56946,20.25,1.30E-02,0.7,9277,2.65E+06,1.83E+06,1.02E+06,2.48E+05,0.00E+00,0.00E+00,13.786163,13.987458,0.0001,0.408412,0.408412,454.56995,22.47,7.80E-03,-0.4,10618,2.23E+06,1.38E+06,6.05E+05,1.10E+05,0.00E+00,0.00E+00,13.775527,13.875894,0.0001,0.382562,0.382562,454.56973,0,0.00E+00,0.1,10425,2.22E+06,1.72E+06,5.51E+05,1.45E+05,0.00E+00,0.00E+00,13.790823,13.941355,0.0001,0.436775,0.436775,454.56946,24.88,4.60E-03,0.7,10917,2.78E+06,1.60E+06,6.37E+05,2.34E+05,0.00E+00,0.00E+00,13.843955,13.995016,0.0001,0.365519,0.365519,454.56989,26.94,3.00E-03,-0.3,10876,2.65E+06,1.75E+06,7.22E+05,2.76E+05,4.30E+04,0.00E+00,13.806479,13.956327,0.0001,0.397821,0.397821,454.56973,0,0.00E+00,0.1,10425,1.98E+06,1.67E+06,9.83E+05,2.87E+05,5.58E+04,0.00E+00,13.827272,13.977192,0.0001,0.458483,0.458483,
SIIGATSIEDFISK,Yes,24,2,740.89832,42.225,34.638,15.976,5.336,1.427,0.322,89.92,740.8988,0,2.00E-05,-0.7,62446,0.00E+00,0.00E+00,0.00E+00,0.00E+00,0.00E+00,0.00E+00,2372.570068,2372.570068,0,0,0,740.8988,0,2.00E-05,-0.7,62446,0.00E+00,0.00E+00,0.00E+00,0.00E+00,0.00E+00,0.00E+00,2372.570068,2372.570068,0,0,0,740.8988,0,2.00E-05,-0.7,62446,0.00E+00,0.00E+00,0.00E+00,0.00E+00,0.00E+00,0.00E+00,2372.570068,2372.570068,0,0,0,740.8988,0,2.00E-05,-0.7,62446,0.00E+00,0.00E+00,0.00E+00,0.00E+00,0.00E+00,0.00E+00,2372.570068,2372.570068,0,0,0,740.8988,0,2.00E-05,-0.7,62446,0.00E+00,0.00E+00,0.00E+00,0.00E+00,0.00E+00,0.00E+00,2372.570068,2372.570068,0,0,0,740.8988,0,2.00E-05,-0.7,62446,0.00E+00,0.00E+00,0.00E+00,0.00E+00,0.00E+00,0.00E+00,2372.570068,2372.570068,0,0,0,740.8988,0,2.00E-05,-0.7,62446,0.00E+00,0.00E+00,0.00E+00,0.00E+00,0.00E+00,0.00E+00,2372.570068,2372.570068,0,0,0,740.8988,0,2.00E-05,-0.7,62446,0.00E+00,0.00E+00,0.00E+00,0.00E+00,0.00E+00,0.00E+00,2372.570068,2372.570068,0,0,0,740.8988,0,2.00E-05,-0.7,62446,0.00E+00,0.00E+00,0.00E+00,0.00E+00,0.00E+00,0.00E+00,2372.570068,2372.570068,0,0,0,740.8988,0,2.00E-05,-0.7,62446,0.00E+00,0.00E+00,0.00E+00,0.00E+00,0.00E+00,0.00E+00,2372.570068,2372.570068,0,0,0,740.8988,0,2.00E-05,-0.7,62446,0.00E+00,0.00E+00,0.00E+00,0.00E+00,0.00E+00,0.00E+00,2372.570068,2372.570068,0,0,0,740.8988,0,2.00E-05,-0.7,62446,0.00E+00,0.00E+00,0.00E+00,0.00E+00,0.00E+00,0.00E+00,2372.570068,2372.570068,0,0,0,740.8988,0,2.00E-05,-0.7,62446,0.00E+00,0.00E+00,0.00E+00,0.00E+00,0.00E+00,0.00E+00,2372.570068,2372.570068,0,0,0,740.8988,0,2.00E-05,-0.7,62446,0.00E+00,0.00E+00,0.00E+00,0.00E+00,0.00E+00,0.00E+00,2372.570068,2372.570068,0,0,0,740.8988,0,2.00E-05,-0.7,62446,0.00E+00,0.00E+00,0.00E+00,0.00E+00,0.00E+00,0.00E+00,2372.570068,2372.570068,0,0,0,740.8988,0,2.00E-05,-0.7,62446,0.00E+00,0.00E+00,0.00E+00,0.00E+00,0.00E+00,0.00E+00,2372.570068,2372.570068,0,0,0,740.8988,0,2.00E-05,-0.7,62446,0.00E+00,0.00E+00,0.00E+00,0.00E+00,0.00E+00,0.00E+00,2372.570068,2372.570068,0,0,0,740.8988,0,2.00E-05,-0.7,62446,0.00E+00,0.00E+00,0.00E+00,0.00E+00,0.00E+00,0.00E+00,2372.570068,2372.570068,0,0,0,740.8988,0,2.00E-05,-0.7,62446,0.00E+00,0.00E+00,0.00E+00,0.00E+00,0.00E+00,0.00E+00,2372.570068,2372.570068,0,0,0,740.8988,0,2.00E-05,-0.7,62446,0.00E+00,0.00E+00,0.00E+00,0.00E+00,0.00E+00,0.00E+00,2372.570068,2372.570068,0,0,0,740.89893,55.96,1.10E-05,-0.8,62424,7.28E+06,5.05E+06,2.29E+06,6.17E+05,2.48E+05,6.48E+04,62.841549,63.242764,0.0001,0.40947,0.40947,740.89893,65.92,2.90E-06,-0.8,61097,6.08E+06,4.91E+06,2.04E+06,5.42E+05,0.00E+00,0.00E+00,62.894611,63.194439,0.0001,0.447008,0.447008,740.89868,50.87,1.90E-05,-0.5,62221,6.68E+06,5.39E+06,2.39E+06,6.73E+05,5.89E+04,0.00E+00,62.910473,63.260712,0.0001,0.446461,0.446461,740.8988,49.05,2.70E-05,-0.7,62422,7.27E+06,4.85E+06,2.55E+06,4.50E+05,1.14E+05,0.00E+00,62.94252,63.341747,0.0001,0.400196,0.400196,740.89899,62.89,4.00E-06,-0.9,62459,6.81E+06,5.04E+06,2.24E+06,4.53E+05,9.55E+04,6.12E+04,62.981472,63.381905,0.0001,0.425165,0.425165,740.8988,0,2.00E-05,-0.7,62446,0.00E+00,0.00E+00,0.00E+00,0.00E+00,0.00E+00,0.00E+00,2372.570068,2372.570068,0,0,0,740.89899,52.71,1.70E-05,-0.9,62499,7.05E+06,5.43E+06,2.60E+06,6.00E+05,6.33E+04,2.99E+04,63.034195,63.435432,0.0001,0.435234,0.435234,740.89948,49.69,2.20E-05,-1.6,62580,6.41E+06,4.62E+06,2.19E+06,4.47E+05,4.08E+04,0.00E+00,63.056534,63.407112,0.0001,0.419035,0.419035,740.89868,64.77,2.70E-06,-0.5,62680,7.06E+06,5.98E+06,2.58E+06,4.52E+05,0.00E+00,0.00E+00,63.020695,63.420303,0.0001,0.45853,0.45853,740.89948,59.77,6.20E-06,-1.6,62593,7.13E+06,5.28E+06,2.58E+06,6.96E+05,1.19E+05,5.98E+04,63.042679,63.444275,0.0001,0.425461,0.425461,740.89868,51.1,1.70E-05,-0.5,62735,7.75E+06,5.98E+06,2.58E+06,6.98E+05,6.85E+04,3.24E+04,63.094036,63.49548,0.0001,0.435511,0.435511,740.89868,59.25,8.20E-06,-0.5,62631,7.76E+06,5.53E+06,2.66E+06,8.41E+05,7.27E+04,3.44E+04,63.063301,63.464165,0.0001,0.415871,0.415871,740.89825,63.24,3.50E-06,0.1,62666,7.57E+06,5.29E+06,2.32E+06,5.86E+05,5.83E+04,2.76E+04,63.119637,63.469036,0.0001,0.411389,0.411389,740.89941,47.98,7.60E-05,-1.5,62862,7.62E+06,6.25E+06,2.48E+06,6.52E+05,0.00E+00,0.00E+00,63.133278,63.53437,0.0001,0.450417,0.450417,740.89948,51.66,1.80E-05,-1.6,61031,5.98E+06,4.15E+06,2.04E+06,4.15E+05,1.86E+05,0.00E+00,63.230675,63.630547,0.0001,0.410029,0.410029,740.89825,50.88,2.00E-05,0.1,62585,7.25E+06,5.15E+06,2.32E+06,8.05E+05,7.02E+04,3.32E+04,63.283592,63.634502,0.0001,0.415409,0.415409,740.89929,64.37,3.50E-06,-1.3,62727,6.59E+06,5.09E+06,2.17E+06,4.11E+05,1.31E+05,0.00E+00,63.267361,63.668423,0.0001,0.435815,0.435815,740.89917,52.14,2.50E-05,-1.2,62869,6.52E+06,4.86E+06,2.13E+06,6.39E+05,0.00E+00,0.00E+00,63.34618,63.746841,0.0001,0.427129,0.427129,740.8985,66.82,2.10E-06,-0.2,62822,6.38E+06,4.75E+06,2.35E+06,4.73E+05,0.00E+00,0.00E+00,63.343678,63.743347,0.0001,0.426882,0.426882,740.8988,53.73,1.00E-05,-0.7,62977,7.74E+06,6.04E+06,2.61E+06,5.74E+05,5.04E+04,0.00E+00,63.320381,63.822433,0.0001,0.438081,0.438081,
GDIIIDGGNSHFPDSNR,Yes,33,3,605.28699,36.078,34.936,18.764,7.251,2.234,0.58,106.052,605.2876,0,2.50E-02,-1,21261,0.00E+00,0.00E+00,0.00E+00,0.00E+00,0.00E+00,0.00E+00,3254.469971,3254.469971,0,0,0,605.2876,0,2.50E-02,-1,21261,0.00E+00,0.00E+00,0.00E+00,0.00E+00,0.00E+00,0.00E+00,3254.469971,3254.469971,0,0,0,605.2876,0,2.50E-02,-1,21261,0.00E+00,0.00E+00,0.00E+00,0.00E+00,0.00E+00,0.00E+00,3254.469971,3254.469971,0,0,0,605.2876,0,2.50E-02,-1,21261,0.00E+00,0.00E+00,0.00E+00,0.00E+00,0.00E+00,0.00E+00,3254.469971,3254.469971,0,0,0,605.2876,0,2.50E-02,-1,21261,0.00E+00,0.00E+00,0.00E+00,0.00E+00,0.00E+00,0.00E+00,3254.469971,3254.469971,0,0,0,605.2876,0,2.50E-02,-1,21261,0.00E+00,0.00E+00,0.00E+00,0.00E+00,0.00E+00,0.00E+00,3254.469971,3254.469971,0,0,0,605.2876,0,2.50E-02,-1,21261,0.00E+00,0.00E+00,0.00E+00,0.00E+00,0.00E+00,0.00E+00,3254.469971,3254.469971,0,0,0,605.2876,0,2.50E-02,-1,21261,0.00E+00,0.00E+00,0.00E+00,0.00E+00,0.00E+00,0.00E+00,3254.469971,3254.469971,0,0,0,605.2876,0,2.50E-02,-1,21261,0.00E+00,0.00E+00,0.00E+00,0.00E+00,0.00E+00,0.00E+00,3254.469971,3254.469971,0,0,0,605.2876,0,2.50E-02,-1,21261,0.00E+00,0.00E+00,0.00E+00,0.00E+00,0.00E+00,0.00E+00,3254.469971,3254.469971,0,0,0,605.2876,0,2.50E-02,-1,21261,0.00E+00,0.00E+00,0.00E+00,0.00E+00,0.00E+00,0.00E+00,3254.469971,3254.469971,0,0,0,605.2876,0,2.50E-02,-1,21261,0.00E+00,0.00E+00,0.00E+00,0.00E+00,0.00E+00,0.00E+00,3254.469971,3254.469971,0,0,0,605.2876,0,2.50E-02,-1,21261,0.00E+00,0.00E+00,0.00E+00,0.00E+00,0.00E+00,0.00E+00,3254.469971,3254.469971,0,0,0,605.2876,0,2.50E-02,-1,21261,0.00E+00,0.00E+00,0.00E+00,0.00E+00,0.00E+00,0.00E+00,3254.469971,3254.469971,0,0,0,605.2876,0,2.50E-02,-1,21261,0.00E+00,0.00E+00,0.00E+00,0.00E+00,0.00E+00,0.00E+00,3254.469971,3254.469971,0,0,0,605.2876,0,2.50E-02,-1,21261,0.00E+00,0.00E+00,0.00E+00,0.00E+00,0.00E+00,0.00E+00,3254.469971,3254.469971,0,0,0,605.2876,0,2.50E-02,-1,21261,0.00E+00,0.00E+00,0.00E+00,0.00E+00,0.00E+00,0.00E+00,3254.469971,3254.469971,0,0,0,605.2876,0,2.50E-02,-1,21261,0.00E+00,0.00E+00,0.00E+00,0.00E+00,0.00E+00,0.00E+00,3254.469971,3254.469971,0,0,0,605.2876,0,2.50E-02,-1,21261,0.00E+00,0.00E+00,0.00E+00,0.00E+00,0.00E+00,0.00E+00,3254.469971,3254.469971,0,0,0,605.2876,0,2.50E-02,-1,21261,0.00E+00,0.00E+00,0.00E+00,0.00E+00,0.00E+00,0.00E+00,3254.469971,3254.469971,0,0,0,, , , , , , , , , , , , , , , ,, , , , , , , , , , , , , , , ,, , , , , , , , , , , , , , , ,, , , , , , , , , , , , , , , ,, , , , , , , , , , , , , , , ,605.2876,0,2.50E-02,-1,21261,0.00E+00,0.00E+00,0.00E+00,0.00E+00,0.00E+00,0.00E+00,3254.469971,3254.469971,0,0,0,, , , , , , , , , , , , , , , ,, , , , , , , , , , , , , , , ,, , , , , , , , , , , , , , , ,, , , , , , , , , , , , , , , ,, , , , , , , , , , , , , , , ,, , , , , , , , , , , , , , , ,, , , , , , , , , , , , , , , ,, , , , , , , , , , , , , , , ,, , , , , , , , , , , , , , , ,, , , , , , , , , , , , , , , ,, , , , , , , , , , , , , , , ,, , , , , , , , , , , , , , , ,, , , , , , , , , , , , , , , ,, , , , , , , , , , , , , , , ,
AYREEPDLENLLFNK,Yes,30,3,617.64758,33.765,35.015,19.805,7.986,2.553,0.684,112.215,617.64771,0,1.30E-02,-0.2,53134,0.00E+00,0.00E+00,0.00E+00,0.00E+00,0.00E+00,0.00E+00,5046.359863,5046.359863,0,0,0,617.64771,0,1.30E-02,-0.2,53134,0.00E+00,0.00E+00,0.00E+00,0.00E+00,0.00E+00,0.00E+00,5046.359863,5046.359863,0,0,0,617.64771,0,1.30E-02,-0.2,53134,0.00E+00,0.00E+00,0.00E+00,0.00E+00,0.00E+00,0.00E+00,5046.359863,5046.359863,0,0,0,617.64771,0,1.30E-02,-0.2,53134,0.00E+00,0.00E+00,0.00E+00,0.00E+00,0.00E+00,0.00E+00,5046.359863,5046.359863,0,0,0,617.64771,0,1.30E-02,-0.2,53134,0.00E+00,0.00E+00,0.00E+00,0.00E+00,0.00E+00,0.00E+00,5046.359863,5046.359863,0,0,0,617.64771,0,1.30E-02,-0.2,53134,0.00E+00,0.00E+00,0.00E+00,0.00E+00,0.00E+00,0.00E+00,5046.359863,5046.359863,0,0,0,617.64771,0,1.30E-02,-0.2,53134,0.00E+00,0.00E+00,0.00E+00,0.00E+00,0.00E+00,0.00E+00,5046.359863,5046.359863,0,0,0,617.64771,0,1.30E-02,-0.2,53134,0.00E+00,0.00E+00,0.00E+00,0.00E+00,0.00E+00,0.00E+00,5046.359863,5046.359863,0,0,0,617.64771,0,1.30E-02,-0.2,53134,0.00E+00,0.00E+00,0.00E+00,0.00E+00,0.00E+00,0.00E+00,5046.359863,5046.359863,0,0,0,617.64771,0,1.30E-02,-0.2,53134,0.00E+00,0.00E+00,0.00E+00,0.00E+00,0.00E+00,0.00E+00,5046.359863,5046.359863,0,0,0,617.64771,0,1.30E-02,-0.2,53134,0.00E+00,0.00E+00,0.00E+00,0.00E+00,0.00E+00,0.00E+00,5046.359863,5046.359863,0,0,0,617.64771,0,1.30E-02,-0.2,53134,0.00E+00,0.00E+00,0.00E+00,0.00E+00,0.00E+00,0.00E+00,5046.359863,5046.359863,0,0,0,617.64771,0,1.30E-02,-0.2,53134,0.00E+00,0.00E+00,0.00E+00,0.00E+00,0.00E+00,0.00E+00,5046.359863,5046.359863,0,0,0,617.64771,0,1.30E-02,-0.2,53134,0.00E+00,0.00E+00,0.00E+00,0.00E+00,0.00E+00,0.00E+00,5046.359863,5046.359863,0,0,0,617.64771,0,1.30E-02,-0.2,53134,0.00E+00,0.00E+00,0.00E+00,0.00E+00,0.00E+00,0.00E+00,5046.359863,5046.359863,0,0,0,617.64771,0,1.30E-02,-0.2,53134,0.00E+00,0.00E+00,0.00E+00,0.00E+00,0.00E+00,0.00E+00,5046.359863,5046.359863,0,0,0,617.64771,0,1.30E-02,-0.2,53134,0.00E+00,0.00E+00,0.00E+00,0.00E+00,0.00E+00,0.00E+00,5046.359863,5046.359863,0,0,0,617.64771,0,1.30E-02,-0.2,53134,0.00E+00,0.00E+00,0.00E+00,0.00E+00,0.00E+00,0.00E+00,5046.359863,5046.359863,0,0,0,617.64771,0,1.30E-02,-0.2,53134,0.00E+00,0.00E+00,0.00E+00,0.00E+00,0.00E+00,0.00E+00,5046.359863,5046.359863,0,0,0,617.64771,0,1.30E-02,-0.2,53134,0.00E+00,0.00E+00,0.00E+00,0.00E+00,0.00E+00,0.00E+00,5046.359863,5046.359863,0,0,0,617.64758,0,0.00E+00,0,51928,3.57E+06,3.70E+06,2.28E+06,4.71E+05,2.14E+05,0.00E+00,53.98785,54.237698,0.0001,0.509121,0.509121,617.64758,37.49,4.40E-04,0,51928,4.00E+06,4.37E+06,2.19E+06,1.10E+06,1.45E+05,0.00E+00,54.089966,54.341461,0.0001,0.521922,0.521922,617.64923,36.26,4.70E-04,-2.7,52986,4.25E+06,4.60E+06,2.14E+06,5.58E+05,5.87E+04,3.71E+04,54.105328,54.404736,0.0001,0.519851,0.519851,617.64685,44.24,7.90E-05,1.2,53159,4.60E+06,4.24E+06,2.17E+06,7.02E+05,1.63E+05,0.00E+00,54.096016,54.395157,0.0001,0.479695,0.479695,617.64813,53.78,1.30E-05,-0.9,53339,4.39E+06,4.75E+06,2.30E+06,9.25E+05,1.30E+05,0.00E+00,54.17395,54.523312,0.0001,0.519994,0.519994,617.64771,0,1.30E-02,-0.2,53134,0.00E+00,0.00E+00,0.00E+00,0.00E+00,0.00E+00,0.00E+00,5046.359863,5046.359863,0,0,0,617.64758,40.42,2.40E-04,0,53280,4.00E+06,4.15E+06,2.13E+06,8.49E+05,2.89E+05,4.27E+04,54.137249,54.487656,0.0001,0.509501,0.509501,617.64813,20.67,1.20E-02,-0.9,53335,3.96E+06,4.06E+06,1.95E+06,1.06E+06,9.51E+04,0.00E+00,54.212807,54.51199,0.0001,0.506616,0.506616,617.64777,37.02,5.40E-04,-0.3,53501,4.76E+06,3.91E+06,2.38E+06,9.62E+05,1.92E+05,1.64E+05,54.106731,54.456013,0.0001,0.451355,0.451355,617.64758,0,0.00E+00,0,51928,4.26E+06,4.36E+06,2.06E+06,6.46E+05,1.54E+05,0.00E+00,54.183025,54.48243,0.0001,0.506112,0.506112,617.64758,0,0.00E+00,0,51928,4.82E+06,4.39E+06,2.22E+06,6.96E+05,4.82E+04,3.04E+04,54.243904,54.493401,0.0001,0.476407,0.476407,617.64758,0,0.00E+00,0,51928,4.73E+06,4.51E+06,2.62E+06,8.98E+05,1.28E+05,7.64E+04,54.159691,54.460033,0.0001,0.487924,0.487924,617.64722,32.64,8.70E-04,0.6,53391,4.69E+06,4.06E+06,2.39E+06,1.10E+06,4.75E+05,1.32E+05,54.28672,54.586632,0.0001,0.463746,0.463746,617.64758,0,0.00E+00,0,51928,4.13E+06,4.62E+06,2.21E+06,7.53E+05,2.43E+05,0.00E+00,54.238564,54.5881,0.0001,0.528085,0.528085,617.64758,0,0.00E+00,0,51928,1.83E+06,2.22E+06,1.23E+06,4.32E+05,1.06E+05,0.00E+00,54.422089,54.572266,0.0001,0.548171,0.548171,617.64746,24.29,5.30E-03,0.2,53388,3.82E+06,3.86E+06,2.19E+06,6.94E+05,1.76E+05,5.64E+04,54.478577,54.778893,0.0001,0.502585,0.502585,617.64758,36.3,5.10E-04,0,53511,4.76E+06,3.69E+06,2.42E+06,8.54E+05,2.49E+05,9.87E+04,54.477505,54.827335,0.0001,0.436434,0.436434,617.64734,49.26,3.60E-05,0.4,53672,4.44E+06,4.66E+06,2.29E+06,1.01E+06,2.07E+05,4.66E+04,54.454235,54.804371,0.0001,0.512223,0.512223,617.64691,36.4,5.20E-04,1.1,53653,4.19E+06,3.83E+06,1.95E+06,6.74E+05,9.75E+04,0.00E+00,54.598602,54.848114,0.0001,0.477249,0.477249,617.64856,32.14,9.70E-04,-1.6,53710,4.71E+06,4.22E+06,2.17E+06,7.01E+05,1.83E+05,0.00E+00,54.520309,54.769787,0.0001,0.472694,0.472694,
AGAPVDALINQIVPLLEK,Yes,36,3,621.03131,33.086,35.119,20.118,8.165,2.615,0.7,113.813,621.03168,0,4.20E-06,-0.6,84344,0.00E+00,0.00E+00,0.00E+00,0.00E+00,0.00E+00,0.00E+00,3643.949951,3643.949951,0,0,0,621.03168,0,4.20E-06,-0.6,84344,0.00E+00,0.00E+00,0.00E+00,0.00E+00,0.00E+00,0.00E+00,3643.949951,3643.949951,0,0,0,621.03168,0,4.20E-06,-0.6,84344,0.00E+00,0.00E+00,0.00E+00,0.00E+00,0.00E+00,0.00E+00,3643.949951,3643.949951,0,0,0,621.03168,0,4.20E-06,-0.6,84344,0.00E+00,0.00E+00,0.00E+00,0.00E+00,0.00E+00,0.00E+00,3643.949951,3643.949951,0,0,0,621.03168,0,4.20E-06,-0.6,84344,0.00E+00,0.00E+00,0.00E+00,0.00E+00,0.00E+00,0.00E+00,3643.949951,3643.949951,0,0,0,621.03168,0,4.20E-06,-0.6,84344,0.00E+00,0.00E+00,0.00E+00,0.00E+00,0.00E+00,0.00E+00,3643.949951,3643.949951,0,0,0,621.03168,0,4.20E-06,-0.6,84344,0.00E+00,0.00E+00,0.00E+00,0.00E+00,0.00E+00,0.00E+00,3643.949951,3643.949951,0,0,0,621.03168,0,4.20E-06,-0.6,84344,0.00E+00,0.00E+00,0.00E+00,0.00E+00,0.00E+00,0.00E+00,3643.949951,3643.949951,0,0,0,621.03168,0,4.20E-06,-0.6,84344,0.00E+00,0.00E+00,0.00E+00,0.00E+00,0.00E+00,0.00E+00,3643.949951,3643.949951,0,0,0,621.03168,0,4.20E-06,-0.6,84344,0.00E+00,0.00E+00,0.00E+00,0.00E+00,0.00E+00,0.00E+00,3643.949951,3643.949951,0,0,0,621.03168,0,4.20E-06,-0.6,84344,0.00E+00,0.00E+00,0.00E+00,0.00E+00,0.00E+00,0.00E+00,3643.949951,3643.949951,0,0,0,621.03168,0,4.20E-06,-0.6,84344,0.00E+00,0.00E+00,0.00E+00,0.00E+00,0.00E+00,0.00E+00,3643.949951,3643.949951,0,0,0,621.03168,0,4.20E-06,-0.6,84344,0.00E+00,0.00E+00,0.00E+00,0.00E+00,0.00E+00,0.00E+00,3643.949951,3643.949951,0,0,0,621.03168,0,4.20E-06,-0.6,84344,0.00E+00,0.00E+00,0.00E+00,0.00E+00,0.00E+00,0.00E+00,3643.949951,3643.949951,0,0,0,621.03168,0,4.20E-06,-0.6,84344,0.00E+00,0.00E+00,0.00E+00,0.00E+00,0.00E+00,0.00E+00,3643.949951,3643.949951,0,0,0,621.03168,0,4.20E-06,-0.6,84344,0.00E+00,0.00E+00,0.00E+00,0.00E+00,0.00E+00,0.00E+00,3643.949951,3643.949951,0,0,0,621.03168,0,4.20E-06,-0.6,84344,0.00E+00,0.00E+00,0.00E+00,0.00E+00,0.00E+00,0.00E+00,3643.949951,3643.949951,0,0,0,621.03168,0,4.20E-06,-0.6,84344,0.00E+00,0.00E+00,0.00E+00,0.00E+00,0.00E+00,0.00E+00,3643.949951,3643.949951,0,0,0,621.03168,0,4.20E-06,-0.6,84344,0.00E+00,0.00E+00,0.00E+00,0.00E+00,0.00E+00,0.00E+00,3643.949951,3643.949951,0,0,0,621.03168,0,4.20E-06,-0.6,84344,0.00E+00,0.00E+00,0.00E+00,0.00E+00,0.00E+00,0.00E+00,3643.949951,3643.949951,0,0,0,621.03082,44.9,6.20E-05,0.8,84587,3.93E+06,4.18E+06,2.02E+06,8.82E+05,3.08E+05,0.00E+00,84.003464,84.153267,0.0001,0.515664,0.515664,621.03131,48.39,2.90E-05,0,83163,3.12E+06,3.33E+06,1.86E+06,5.65E+05,1.74E+05,6.59E+04,83.994156,84.143539,0.0001,0.516608,0.516608,621.03192,46.05,4.80E-05,-1,84239,3.52E+06,3.65E+06,2.03E+06,7.65E+05,1.92E+05,4.87E+04,83.985199,84.186035,0.0001,0.508864,0.508864,621.03162,51.46,4.20E-05,-0.5,84421,3.43E+06,3.42E+06,1.94E+06,8.03E+05,3.30E+05,7.77E+04,84.039925,84.189659,0.0001,0.498726,0.498726,621.03168,47.4,6.80E-05,-0.6,84458,3.47E+06,3.23E+06,1.69E+06,6.56E+05,1.87E+05,1.97E+04,84.026131,84.176323,0.0001,0.481566,0.481566,621.03168,0,4.20E-06,-0.6,84344,0.00E+00,0.00E+00,0.00E+00,0.00E+00,0.00E+00,0.00E+00,3643.949951,3643.949951,0,0,0,621.03082,0,0.00E+00,0.8,84587,3.53E+06,3.36E+06,1.68E+06,7.44E+05,2.00E+05,4.48E+04,84.02877,84.228973,0.0001,0.487964,0.487964,621.03143,39.91,5.00E-04,-0.2,84329,3.85E+06,3.96E+06,2.16E+06,7.59E+05,2.15E+05,4.94E+04,83.877129,84.026833,0.0001,0.507472,0.507472,621.03082,0,0.00E+00,0.8,84587,3.40E+06,3.81E+06,2.14E+06,8.16E+05,2.48E+05,3.68E+04,84.06263,84.212555,0.0001,0.528429,0.528429,621.03125,43.51,8.30E-05,0.1,84575,3.80E+06,3.83E+06,2.20E+06,6.02E+05,2.38E+05,4.03E+04,84.08831,84.237923,0.0001,0.50194,0.50194,621.03174,45.35,9.00E-05,-0.7,84675,3.64E+06,3.55E+06,1.95E+06,7.60E+05,2.70E+05,1.70E+04,84.075371,84.226151,0.0001,0.494128,0.494128,621.03131,47.02,6.80E-05,0,84543,3.92E+06,3.84E+06,2.15E+06,8.62E+05,2.80E+05,1.77E+04,84.067162,84.215546,0.0001,0.494896,0.494896,621.03192,49.63,2.20E-05,-1,84581,3.73E+06,4.14E+06,2.14E+06,9.45E+05,1.71E+05,5.26E+04,84.083748,84.233955,0.0001,0.526143,0.526143,621.03082,0,0.00E+00,0.8,84587,3.87E+06,4.27E+06,2.08E+06,8.91E+05,2.20E+05,3.45E+04,84.104881,84.25528,0.0001,0.524868,0.524868,621.03156,45.57,5.30E-05,-0.4,82850,2.80E+06,2.80E+06,1.60E+06,6.15E+05,1.59E+05,4.29E+04,84.101311,84.251068,0.0001,0.500231,0.500231,621.03192,50.5,4.20E-05,-1,84442,3.17E+06,3.26E+06,1.75E+06,6.56E+05,1.32E+05,4.35E+04,84.156815,84.307388,0.0001,0.507141,0.507141,621.03162,41.87,1.20E-04,-0.5,84505,3.24E+06,3.26E+06,1.69E+06,7.13E+05,2.16E+05,5.94E+04,84.140945,84.291412,0.0001,0.501506,0.501506,621.03149,44.07,1.30E-04,-0.3,84616,3.56E+06,3.77E+06,2.05E+06,7.31E+05,2.38E+05,4.48E+04,84.128128,84.278076,0.0001,0.514513,0.514513,621.03174,42.84,1.90E-04,-0.7,84552,3.17E+06,3.17E+06,1.86E+06,4.64E+05,2.28E+05,3.19E+04,84.150261,84.299843,0.0001,0.499819,0.499819,621.03149,48.6,5.80E-05,-0.3,84686,2.87E+06,2.81E+06,1.67E+06,4.93E+05,1.98E+05,1.91E+04,84.12632,84.276978,0.0001,0.49483,0.49483,
DREQFVDDLEQALYASK,Yes,38,3,676.32874,31.292,34.527,20.883,9.029,3.1,0.894,120.252,676.32886,0,1.80E-04,-0.2,59931,0.00E+00,0.00E+00,0.00E+00,0.00E+00,0.00E+00,0.00E+00,1380.660034,1380.660034,0,0,0,676.32886,0,1.80E-04,-0.2,59931,0.00E+00,0.00E+00,0.00E+00,0.00E+00,0.00E+00,0.00E+00,1380.660034,1380.660034,0,0,0,676.32886,0,1.80E-04,-0.2,59931,0.00E+00,0.00E+00,0.00E+00,0.00E+00,0.00E+00,0.00E+00,1380.660034,1380.660034,0,0,0,676.32886,0,1.80E-04,-0.2,59931,0.00E+00,0.00E+00,0.00E+00,0.00E+00,0.00E+00,0.00E+00,1380.660034,1380.660034,0,0,0,676.32886,0,1.80E-04,-0.2,59931,0.00E+00,0.00E+00,0.00E+00,0.00E+00,0.00E+00,0.00E+00,1380.660034,1380.660034,0,0,0,676.32886,0,1.80E-04,-0.2,59931,0.00E+00,0.00E+00,0.00E+00,0.00E+00,0.00E+00,0.00E+00,1380.660034,1380.660034,0,0,0,676.32886,0,1.80E-04,-0.2,59931,0.00E+00,0.00E+00,0.00E+00,0.00E+00,0.00E+00,0.00E+00,1380.660034,1380.660034,0,0,0,676.32886,0,1.80E-04,-0.2,59931,0.00E+00,0.00E+00,0.00E+00,0.00E+00,0.00E+00,0.00E+00,1380.660034,1380.660034,0,0,0,676.32886,0,1.80E-04,-0.2,59931,0.00E+00,0.00E+00,0.00E+00,0.00E+00,0.00E+00,0.00E+00,1380.660034,1380.660034,0,0,0,676.32886,0,1.80E-04,-0.2,59931,0.00E+00,0.00E+00,0.00E+00,0.00E+00,0.00E+00,0.00E+00,1380.660034,1380.660034,0,0,0,676.32886,0,1.80E-04,-0.2,59931,0.00E+00,0.00E+00,0.00E+00,0.00E+00,0.00E+00,0.00E+00,1380.660034,1380.660034,0,0,0,676.32886,0,1.80E-04,-0.2,59931,0.00E+00,0.00E+00,0.00E+00,0.00E+00,0.00E+00,0.00E+00,1380.660034,1380.660034,0,0,0,676.32886,0,1.80E-04,-0.2,59931,0.00E+00,0.00E+00,0.00E+00,0.00E+00,0.00E+00,0.00E+00,1380.660034,1380.660034,0,0,0,676.32886,0,1.80E-04,-0.2,59931,0.00E+00,0.00E+00,0.00E+00,0.00E+00,0.00E+00,0.00E+00,1380.660034,1380.660034,0,0,0,676.32886,0,1.80E-04,-0.2,59931,0.00E+00,0.00E+00,0.00E+00,0.00E+00,0.00E+00,0.00E+00,1380.660034,1380.660034,0,0,0,676.32886,0,1.80E-04,-0.2,59931,0.00E+00,0.00E+00,0.00E+00,0.00E+00,0.00E+00,0.00E+00,1380.660034,1380.660034,0,0,0,676.32886,0,1.80E-04,-0.2,59931,0.00E+00,0.00E+00,0.00E+00,0.00E+00,0.00E+00,0.00E+00,1380.660034,1380.660034,0,0,0,676.32886,0,1.80E-04,-0.2,59931,0.00E+00,0.00E+00,0.00E+00,0.00E+00,0.00E+00,0.00E+00,1380.660034,1380.660034,0,0,0,676.32886,0,1.80E-04,-0.2,59931,0.00E+00,0.00E+00,0.00E+00,0.00E+00,0.00E+00,0.00E+00,1380.660034,1380.660034,0,0,0,676.32886,0,1.80E-04,-0.2,59931,0.00E+00,0.00E+00,0.00E+00,0.00E+00,0.00E+00,0.00E+00,1380.660034,1380.660034,0,0,0,676.32928,36.12,2.30E-03,-0.8,60009,2.66E+06,3.22E+06,1.64E+06,8.72E+05,0.00E+00,0.00E+00,60.43774,60.788132,0.0001,0.54781,0.54781,676.32867,36.59,3.70E-04,0.1,58561,3.40E+06,3.32E+06,1.56E+06,1.19E+06,1.32E+05,6.87E+04,60.44286,60.743523,0.0001,0.494242,0.494242,676.32867,40.17,8.00E-04,0.1,59700,2.53E+06,2.65E+06,1.80E+06,6.63E+05,4.48E+04,0.00E+00,60.506027,60.806644,0.0001,0.511934,0.511934,676.32935,42.31,4.50E-04,-0.9,59866,2.47E+06,3.01E+06,2.09E+06,1.12E+06,1.25E+05,1.20E+05,60.489517,60.78931,0.0001,0.54927,0.54927,676.32886,38.83,3.30E-04,-0.2,60045,2.89E+06,3.23E+06,1.76E+06,7.97E+05,2.20E+05,5.20E+04,60.576515,60.926773,0.0001,0.527156,0.527156,676.32886,0,1.80E-04,-0.2,59931,0.00E+00,0.00E+00,0.00E+00,0.00E+00,0.00E+00,0.00E+00,1380.660034,1380.660034,0,0,0,676.32922,42.89,3.00E-04,-0.7,60041,2.48E+06,2.65E+06,1.55E+06,4.49E+05,1.65E+05,5.89E+04,60.581638,60.931786,0.0001,0.516468,0.516468,676.32916,50.27,1.80E-04,-0.6,60113,3.20E+06,2.81E+06,2.25E+06,6.64E+05,3.38E+05,8.88E+04,60.604424,60.954178,0.0001,0.467148,0.467148,676.32874,47.86,1.40E-04,0,60118,3.20E+06,3.27E+06,1.66E+06,1.36E+06,1.29E+05,0.00E+00,60.51688,60.917461,0.0001,0.50566,0.50566,676.32922,47.11,4.40E-05,-0.7,60037,3.10E+06,3.22E+06,2.14E+06,7.37E+05,1.54E+05,0.00E+00,60.592854,60.943001,0.0001,0.509688,0.509688,676.32813,37.86,9.80E-04,0.9,60301,2.13E+06,2.21E+06,1.50E+06,9.29E+05,1.13E+05,0.00E+00,60.742054,61.042465,0.0001,0.509343,0.509343,676.32788,25.42,4.10E-03,1.3,60089,2.78E+06,2.90E+06,1.84E+06,9.91E+05,1.83E+05,0.00E+00,60.662594,60.962238,0.0001,0.50999,0.50999,676.3288,42.98,5.00E-04,-0.1,60188,3.14E+06,3.11E+06,1.76E+06,1.01E+06,1.37E+05,0.00E+00,60.717113,61.066669,0.0001,0.49758,0.49758,676.32874,40,7.80E-04,0,60391,3.01E+06,3.02E+06,1.74E+06,6.97E+05,9.41E+04,7.34E+04,60.728138,61.029411,0.0001,0.500755,0.500755,676.32794,44.08,3.20E-04,1.2,58531,2.10E+06,1.88E+06,1.08E+06,4.38E+05,0.00E+00,0.00E+00,60.827148,61.126774,0.0001,0.471829,0.471829,676.32916,29.94,1.60E-03,-0.6,60081,2.29E+06,2.61E+06,1.38E+06,5.20E+05,1.43E+05,0.00E+00,60.877338,61.12841,0.0001,0.532478,0.532478,676.32867,41.52,5.90E-04,0.1,60222,3.61E+06,3.42E+06,1.78E+06,8.47E+05,1.81E+05,0.00E+00,60.86758,61.168373,0.0001,0.486076,0.486076,676.32971,28.18,2.30E-03,-1.4,60430,3.14E+06,3.30E+06,2.04E+06,4.57E+05,5.09E+04,0.00E+00,60.991817,61.293053,0.0001,0.512301,0.512301,676.32916,38.51,5.60E-04,-0.6,60364,2.84E+06,3.02E+06,2.44E+06,4.73E+05,2.32E+05,1.20E+05,60.896023,61.246887,0.0001,0.515603,0.515603,676.32916,39.54,2.00E-04,-0.6,60426,3.02E+06,3.07E+06,1.68E+06,5.42E+05,1.51E+05,1.07E+05,60.916248,61.268711,0.0001,0.503873,0.503873,
VLPEcASDNLPVDK,Yes,25,2,778.88489,40.906,33.092,16.908,6.446,1.988,0.518,96.789,778.88379,0,0.00E+00,1.4,19225,0.00E+00,0.00E+00,0.00E+00,0.00E+00,0.00E+00,0.00E+00,1318.362061,1318.362061,0,0,0,778.88379,0,0.00E+00,1.4,19225,0.00E+00,0.00E+00,0.00E+00,0.00E+00,0.00E+00,0.00E+00,1318.362061,1318.362061,0,0,0,778.88379,0,0.00E+00,1.4,19225,0.00E+00,0.00E+00,0.00E+00,0.00E+00,0.00E+00,0.00E+00,1318.362061,1318.362061,0,0,0,778.88379,0,0.00E+00,1.4,19225,0.00E+00,0.00E+00,0.00E+00,0.00E+00,0.00E+00,0.00E+00,1318.362061,1318.362061,0,0,0,778.88379,0,0.00E+00,1.4,19225,0.00E+00,0.00E+00,0.00E+00,0.00E+00,0.00E+00,0.00E+00,1318.362061,1318.362061,0,0,0,778.88379,0,0.00E+00,1.4,19225,0.00E+00,0.00E+00,0.00E+00,0.00E+00,0.00E+00,0.00E+00,1318.362061,1318.362061,0,0,0,778.88379,0,0.00E+00,1.4,19225,0.00E+00,0.00E+00,0.00E+00,0.00E+00,0.00E+00,0.00E+00,1318.362061,1318.362061,0,0,0,778.88379,0,0.00E+00,1.4,19225,0.00E+00,0.00E+00,0.00E+00,0.00E+00,0.00E+00,0.00E+00,1318.362061,1318.362061,0,0,0,778.88379,0,0.00E+00,1.4,19225,0.00E+00,0.00E+00,0.00E+00,0.00E+00,0.00E+00,0.00E+00,1318.362061,1318.362061,0,0,0,778.88379,0,0.00E+00,1.4,19225,0.00E+00,0.00E+00,0.00E+00,0.00E+00,0.00E+00,0.00E+00,1318.362061,1318.362061,0,0,0,778.88379,0,0.00E+00,1.4,19225,0.00E+00,0.00E+00,0.00E+00,0.00E+00,0.00E+00,0.00E+00,1318.362061,1318.362061,0,0,0,778.88379,0,0.00E+00,1.4,19225,0.00E+00,0.00E+00,0.00E+00,0.00E+00,0.00E+00,0.00E+00,1318.362061,1318.362061,0,0,0,778.88379,0,0.00E+00,1.4,19225,0.00E+00,0.00E+00,0.00E+00,0.00E+00,0.00E+00,0.00E+00,1318.362061,1318.362061,0,0,0,778.88379,0,0.00E+00,1.4,19225,0.00E+00,0.00E+00,0.00E+00,0.00E+00,0.00E+00,0.00E+00,1318.362061,1318.362061,0,0,0,778.88379,0,0.00E+00,1.4,19225,0.00E+00,0.00E+00,0.00E+00,0.00E+00,0.00E+00,0.00E+00,1318.362061,1318.362061,0,0,0,778.88379,0,0.00E+00,1.4,19225,0.00E+00,0.00E+00,0.00E+00,0.00E+00,0.00E+00,0.00E+00,1318.362061,1318.362061,0,0,0,778.88379,0,0.00E+00,1.4,19225,0.00E+00,0.00E+00,0.00E+00,0.00E+00,0.00E+00,0.00E+00,1318.362061,1318.362061,0,0,0,778.88379,0,0.00E+00,1.4,19225,0.00E+00,0.00E+00,0.00E+00,0.00E+00,0.00E+00,0.00E+00,1318.362061,1318.362061,0,0,0,778.88379,0,0.00E+00,1.4,19225,0.00E+00,0.00E+00,0.00E+00,0.00E+00,0.00E+00,0.00E+00,1318.362061,1318.362061,0,0,0,778.88379,0,0.00E+00,1.4,19225,0.00E+00,0.00E+00,0.00E+00,0.00E+00,0.00E+00,0.00E+00,1318.362061,1318.362061,0,0,0,778.88379,0,0.00E+00,1.4,19225,6.32E+06,4.97E+06,2.18E+06,8.96E+05,9.08E+04,0.00E+00,22.892431,23.092085,0.0001,0.440107,0.440107,778.88379,61.94,2.10E-06,1.4,19225,5.32E+06,4.23E+06,2.10E+06,7.83E+05,0.00E+00,0.00E+00,22.992563,23.143009,0.0001,0.442735,0.442735,778.8844,33.75,1.10E-03,0.6,20468,6.83E+06,5.43E+06,2.45E+06,1.12E+06,1.83E+05,0.00E+00,22.898968,23.148716,0.0001,0.443083,0.443083,778.8844,52.82,1.20E-05,0.6,20674,6.04E+06,4.87E+06,2.56E+06,1.07E+06,2.08E+05,0.00E+00,22.969191,23.170197,0.0001,0.446731,0.446731,778.88379,0,0.00E+00,1.4,19225,6.77E+06,5.29E+06,2.68E+06,1.37E+06,0.00E+00,0.00E+00,23.087847,23.387766,0.0001,0.438952,0.438952,778.88379,0,0.00E+00,1.4,19225,0.00E+00,0.00E+00,0.00E+00,0.00E+00,0.00E+00,0.00E+00,1318.362061,1318.362061,0,0,0,778.88354,51.09,2.10E-05,1.7,20638,6.68E+06,5.13E+06,2.21E+06,9.92E+05,2.06E+05,0.00E+00,23.081503,23.331646,0.0001,0.434427,0.434427,778.88519,63.14,1.20E-06,-0.4,20844,7.12E+06,5.29E+06,2.19E+06,8.30E+05,4.77E+05,0.00E+00,23.059374,23.309519,0.0001,0.426245,0.426245,778.88379,0,0.00E+00,1.4,19225,6.77E+06,5.18E+06,2.66E+06,1.08E+06,1.81E+05,0.00E+00,23.09939,23.300104,0.0001,0.433297,0.433297,778.88477,57.45,4.10E-06,0.2,20654,7.04E+06,6.22E+06,2.38E+06,1.34E+06,1.67E+05,0.00E+00,23.071131,23.320507,0.0001,0.469067,0.469067,778.88379,0,0.00E+00,1.4,19225,7.50E+06,6.43E+06,3.00E+06,1.33E+06,1.60E+05,8.71E+04,22.570965,23.312464,0.0001,0.461774,0.461774,778.88525,39.44,2.50E-04,-0.5,20589,7.59E+06,6.43E+06,2.64E+06,1.21E+06,7.49E+04,0.00E+00,23.06646,23.367937,0.0001,0.458468,0.458468,778.88379,0,0.00E+00,1.4,19225,6.79E+06,5.65E+06,2.44E+06,9.06E+05,3.84E+05,0.00E+00,23.10495,23.35647,0.0001,0.454084,0.454084,778.88379,0,0.00E+00,1.4,19225,8.02E+06,6.70E+06,2.74E+06,1.20E+06,1.05E+05,0.00E+00,23.132593,23.431936,0.0001,0.455288,0.455288,778.88379,0,0.00E+00,1.4,19225,6.30E+06,5.21E+06,2.45E+06,1.12E+06,1.77E+05,9.64E+04,22.893202,23.535585,0.0001,0.452824,0.452824,778.88379,0,0.00E+00,1.4,19225,6.83E+06,4.81E+06,2.61E+06,7.48E+05,1.21E+05,0.00E+00,23.245905,23.547409,0.0001,0.413489,0.413489,778.88379,0,0.00E+00,1.4,19225,7.30E+06,5.23E+06,2.59E+06,9.94E+05,0.00E+00,0.00E+00,22.892391,23.544247,0.0001,0.417724,0.417724,778.88379,0,0.00E+00,1.4,19225,6.42E+06,5.47E+06,2.39E+06,1.35E+06,8.93E+04,0.00E+00,23.366554,23.566721,0.0001,0.460087,0.460087,778.88379,0,0.00E+00,1.4,19225,6.63E+06,4.91E+06,2.22E+06,9.51E+05,8.05E+04,0.00E+00,23.312571,23.562973,0.0001,0.425767,0.425767,778.88379,0,0.00E+00,1.4,19225,6.79E+06,5.49E+06,3.09E+06,8.93E+05,1.15E+05,0.00E+00,23.329657,23.629642,0.0001,0.446799,0.446799,
WNNGVLDSFLVEITR,Yes,21,2,881.95978,35.183,35.243,19.164,7.41,2.266,0.58,107.766,881.96124,0,0.00E+00,-1.7,81366,5.26E+05,4.96E+05,2.50E+05,0.00E+00,0.00E+00,0.00E+00,81.256882,81.306572,0.0001,0.485706,0,881.96124,0,0.00E+00,-1.7,81366,5.26E+05,4.96E+05,2.50E+05,0.00E+00,0.00E+00,0.00E+00,81.256882,81.306572,0.0001,0.485706,0,881.96124,0,0.00E+00,-1.7,81366,5.26E+05,4.96E+05,2.50E+05,0.00E+00,0.00E+00,0.00E+00,81.256882,81.306572,0.0001,0.485706,0,881.96124,0,0.00E+00,-1.7,81366,5.26E+05,4.96E+05,2.50E+05,0.00E+00,0.00E+00,0.00E+00,81.256882,81.306572,0.0001,0.485706,0,881.96124,0,0.00E+00,-1.7,81366,5.26E+05,4.96E+05,2.50E+05,0.00E+00,0.00E+00,0.00E+00,81.256882,81.306572,0.0001,0.485706,0,881.96124,0,0.00E+00,-1.7,81366,5.26E+05,4.96E+05,2.50E+05,0.00E+00,0.00E+00,0.00E+00,81.256882,81.306572,0.0001,0.485706,0,881.96124,0,0.00E+00,-1.7,81366,5.26E+05,4.96E+05,2.50E+05,0.00E+00,0.00E+00,0.00E+00,81.256882,81.306572,0.0001,0.485706,0,881.96124,0,0.00E+00,-1.7,81366,5.26E+05,4.96E+05,2.50E+05,0.00E+00,0.00E+00,0.00E+00,81.256882,81.306572,0.0001,0.485706,0,881.96124,0,0.00E+00,-1.7,81366,5.26E+05,4.96E+05,2.50E+05,0.00E+00,0.00E+00,0.00E+00,81.256882,81.306572,0.0001,0.485706,0,881.96124,0,0.00E+00,-1.7,81366,5.26E+05,4.96E+05,2.50E+05,0.00E+00,0.00E+00,0.00E+00,81.256882,81.306572,0.0001,0.485706,0,881.96124,0,0.00E+00,-1.7,81366,5.26E+05,4.96E+05,2.50E+05,0.00E+00,0.00E+00,0.00E+00,81.256882,81.306572,0.0001,0.485706,0,881.96124,0,0.00E+00,-1.7,81366,5.26E+05,4.96E+05,2.50E+05,0.00E+00,0.00E+00,0.00E+00,81.256882,81.306572,0.0001,0.485706,0,881.96124,0,0.00E+00,-1.7,81366,5.26E+05,4.96E+05,2.50E+05,0.00E+00,0.00E+00,0.00E+00,81.256882,81.306572,0.0001,0.485706,0,881.96124,0,0.00E+00,-1.7,81366,5.26E+05,4.96E+05,2.50E+05,0.00E+00,0.00E+00,0.00E+00,81.256882,81.306572,0.0001,0.485706,0,881.96124,0,0.00E+00,-1.7,81366,5.26E+05,4.96E+05,2.50E+05,0.00E+00,0.00E+00,0.00E+00,81.256882,81.306572,0.0001,0.485706,0,881.96124,0,0.00E+00,-1.7,81366,5.26E+05,4.96E+05,2.50E+05,0.00E+00,0.00E+00,0.00E+00,81.256882,81.306572,0.0001,0.485706,0,881.96124,0,0.00E+00,-1.7,81366,5.26E+05,4.96E+05,2.50E+05,0.00E+00,0.00E+00,0.00E+00,81.256882,81.306572,0.0001,0.485706,0,881.96124,0,0.00E+00,-1.7,81366,5.26E+05,4.96E+05,2.50E+05,0.00E+00,0.00E+00,0.00E+00,81.256882,81.306572,0.0001,0.485706,0,881.96124,0,0.00E+00,-1.7,81366,5.26E+05,4.96E+05,2.50E+05,0.00E+00,0.00E+00,0.00E+00,81.256882,81.306572,0.0001,0.485706,0,881.96124,0,0.00E+00,-1.7,81366,5.26E+05,4.96E+05,2.50E+05,0.00E+00,0.00E+00,0.00E+00,81.256882,81.306572,0.0001,0.485706,0,881.96124,0,0.00E+00,-1.7,81366,6.11E+05,3.69E+05,1.07E+05,0.00E+00,0.00E+00,0.00E+00,81.255585,81.255585,0.0001,0.376823,-0.108883,881.96124,0,0.00E+00,-1.7,81366,6.66E+05,4.63E+05,3.83E+05,0.00E+00,0.00E+00,0.00E+00,81.253937,81.304138,0.0001,0.410016,-0.07569,881.96124,94.77,1.30E-08,-1.7,81366,4.24E+05,3.88E+05,1.87E+05,0.00E+00,0.00E+00,0.00E+00,81.286629,81.286629,0.0001,0.477716,-0.00799,881.96124,0,0.00E+00,-1.7,81366,3.18E+05,2.89E+05,3.23E+05,0.00E+00,0.00E+00,0.00E+00,81.292816,81.292816,0.0001,0.476657,-0.009049,881.96021,40.5,1.60E-03,-0.5,81577,8.65E+05,7.13E+05,2.67E+05,0.00E+00,0.00E+00,0.00E+00,81.234833,81.335007,0.0001,0.452051,-0.033655,881.96124,0,0.00E+00,-1.7,81366,5.26E+05,4.96E+05,2.50E+05,0.00E+00,0.00E+00,0.00E+00,81.256882,81.306572,0.0001,0.485706,0,881.96124,0,0.00E+00,-1.7,81366,5.41E+05,3.03E+05,1.57E+05,0.00E+00,0.00E+00,0.00E+00,81.298859,81.298859,0.0001,0.358928,-0.126777,881.96124,0,0.00E+00,-1.7,81366,3.92E+05,3.13E+05,1.72E+05,0.00E+00,0.00E+00,0.00E+00,81.128242,81.128242,0.0001,0.443698,-0.042008,881.96045,31.78,6.20E-03,-0.8,81803,6.14E+05,5.16E+05,3.44E+05,0.00E+00,0.00E+00,0.00E+00,81.331604,81.381226,0.0001,0.456641,-0.029064,881.96124,0,0.00E+00,-1.7,81366,6.29E+05,7.50E+05,1.37E+05,0.00E+00,0.00E+00,0.00E+00,81.344589,81.394318,0.0001,0.544059,0.058353,881.96124,0,0.00E+00,-1.7,81366,7.78E+05,6.80E+05,3.41E+05,0.00E+00,0.00E+00,0.00E+00,81.33876,81.388397,0.0001,0.466192,-0.019514,881.96124,0,0.00E+00,-1.7,81366,3.91E+05,5.72E+05,4.14E+05,0.00E+00,0.00E+00,0.00E+00,81.279602,81.329857,0.0001,0.594178,0.108472,881.96124,0,0.00E+00,-1.7,81366,3.37E+05,5.84E+05,3.37E+05,0.00E+00,0.00E+00,0.00E+00,81.338837,81.388527,0.0001,0.63416,0.148455,881.96124,0,0.00E+00,-1.7,81366,7.25E+05,6.12E+05,2.71E+05,0.00E+00,0.00E+00,0.00E+00,81.351791,81.401497,0.0001,0.457902,-0.027804,881.96124,0,0.00E+00,-1.7,81366,4.27E+05,4.98E+05,2.28E+05,0.00E+00,0.00E+00,0.00E+00,81.354088,81.454086,0.0001,0.538607,0.052901,881.96124,0,0.00E+00,-1.7,81366,5.14E+05,4.33E+05,2.15E+05,0.00E+00,0.00E+00,0.00E+00,81.415489,81.465256,0.0001,0.457334,-0.028372,881.96124,0,0.00E+00,-1.7,81366,5.29E+05,5.85E+05,2.60E+05,0.00E+00,0.00E+00,0.00E+00,81.394157,81.444244,0.0001,0.525253,0.039547,881.96051,40.63,2.00E-04,-0.8,81776,4.54E+05,6.67E+05,1.81E+05,1.19E+05,0.00E+00,0.00E+00,81.393936,81.443871,0.0001,0.594827,0.109121,881.96124,0,0.00E+00,-1.7,81366,3.82E+05,4.67E+05,2.25E+05,0.00E+00,0.00E+00,0.00E+00,81.413689,81.463791,0.0001,0.549951,0.064245,881.96124,0,0.00E+00,-1.7,81366,1.81E+05,1.50E+05,1.29E+05,0.00E+00,0.00E+00,0.00E+00,81.481812,81.481812,0.0001,0.453034,-0.032672,
SDGEPccEWVGPAGAGHYVK,Yes,42,3,725.97894,28.104,31.786,21.938,11.239,4.66,1.636,136.197, , , , , , , , , , , , , , , , , , , , , , , , , , , , , , , , ,, , , , , , , , , , , , , , , ,, , , , , , , , , , , , , , , ,, , , , , , , , , , , , , , , ,, , , , , , , , , , , , , , , ,, , , , , , , , , , , , , , , ,, , , , , , , , , , , , , , , ,, , , , , , , , , , , , , , , ,, , , , , , , , , , , , , , , ,, , , , , , , , , , , , , , , ,, , , , , , , , , , , , , , , ,, , , , , , , , , , , , , , , ,, , , , , , , , , , , , , , , ,, , , , , , , , , , , , , , , ,, , , , , , , , , , , , , , , ,, , , , , , , , , , , , , , , ,, , , , , , , , , , , , , , , ,, , , , , , , , , , , , , , , ,, , , , , , , , , , , , , , , ,725.97876,46.71,4.20E-05,0.3,20406,5.89E+06,6.01E+06,4.53E+06,1.90E+06,6.93E+05,2.42E+05,22.792498,23.041821,0.0001,0.504795,0.019089,725.97913,50.67,1.80E-05,-0.3,19132,5.45E+06,5.96E+06,4.11E+06,2.36E+06,6.71E+05,1.21E+05,22.842337,23.143009,0.0001,0.522282,0.036576,725.97968,58.02,3.60E-06,-1,20196,5.75E+06,6.56E+06,4.31E+06,1.63E+06,8.67E+05,9.68E+04,22.849236,23.098726,0.0001,0.53263,0.046924,725.97882,66.8,5.50E-07,0.2,20376,5.89E+06,5.96E+06,4.56E+06,2.03E+06,7.31E+05,2.72E+05,22.919512,23.170197,0.0001,0.503181,0.017475,725.97992,48.41,2.90E-05,-1.3,20568,6.37E+06,6.63E+06,4.88E+06,2.38E+06,7.15E+05,1.98E+05,23.038057,23.338036,0.0001,0.510052,0.024346,, , , , , , , , , , , , , , , ,725.97913,49.88,2.10E-05,-0.3,20575,5.48E+06,6.14E+06,5.01E+06,1.71E+06,9.85E+05,1.38E+05,23.031612,23.28174,0.0001,0.528482,0.042776,725.98022,60.04,2.30E-06,-1.8,20586,6.52E+06,7.00E+06,4.65E+06,2.24E+06,8.18E+05,1.42E+05,23.009134,23.309519,0.0001,0.517772,0.032066,725.97906,50.11,2.00E-05,-0.2,20620,5.85E+06,6.22E+06,4.73E+06,2.00E+06,1.21E+06,9.94E+04,22.99898,23.24979,0.0001,0.515497,0.029791,725.97955,52.03,1.30E-05,-0.8,20650,6.20E+06,6.77E+06,4.69E+06,2.38E+06,8.10E+05,0.00E+00,23.071131,23.270487,0.0001,0.52187,0.036165,725.97882,52.01,1.30E-05,0.2,20670,4.79E+06,6.08E+06,3.81E+06,2.13E+06,7.83E+05,7.92E+04,23.012049,23.212688,0.0001,0.55923,0.073524,725.979,43.41,8.50E-05,-0.1,20494,5.89E+06,7.20E+06,4.70E+06,2.19E+06,6.88E+05,1.52E+05,22.965815,23.26766,0.0001,0.550044,0.064339,725.979,41.91,1.20E-04,-0.1,20607,5.78E+06,6.23E+06,4.25E+06,1.69E+06,7.17E+05,7.52E+04,23.005482,23.35647,0.0001,0.518487,0.032781,725.97974,40.85,1.50E-04,-1.1,20786,5.33E+06,7.72E+06,5.00E+06,2.30E+06,8.72E+05,0.00E+00,23.082394,23.331949,0.0001,0.591382,0.105676,725.97906,57.01,4.50E-06,-0.2,19245,5.20E+06,6.10E+06,3.76E+06,2.02E+06,8.18E+05,0.00E+00,23.285128,23.535585,0.0001,0.539756,0.05405,725.97894,48.93,2.60E-05,0,20578,5.67E+06,6.53E+06,4.70E+06,2.14E+06,9.04E+05,1.99E+05,23.245905,23.547409,0.0001,0.53512,0.049414,725.97931,54.98,7.00E-06,-0.5,20661,6.53E+06,6.98E+06,5.06E+06,2.37E+06,7.44E+05,1.22E+05,23.191551,23.544247,0.0001,0.516647,0.030941,725.97937,52.84,1.10E-05,-0.6,20955,5.89E+06,7.54E+06,4.18E+06,2.28E+06,1.30E+06,9.77E+04,23.316433,23.566721,0.0001,0.561479,0.075774,725.97943,57,4.50E-06,-0.7,20852,5.38E+06,6.24E+06,4.67E+06,2.31E+06,5.85E+05,7.62E+04,23.312571,23.562973,0.0001,0.537089,0.051383,725.97937,56.43,5.10E-06,-0.6,20898,6.17E+06,6.09E+06,5.02E+06,2.16E+06,7.07E+05,1.87E+05,23.27916,23.629642,0.0001,0.496552,0.010846,
