proteinName,peptideSeq,charge,old_Rsquared,new_Rsquared,NDP,rateconstant,sigma,Abundance,MassToCharge,RMSE,selected_A1A0_count, selected_A2A0_count, selected_A2A1_count,improved_timePoints,new_k,I0_percentatediffI0_percentatediff,selected_io_t,i0,I0_asymptote,new_rmse,lowerci_old,upperci_old,sigma_old,lowerci_new,upperci_new,sigma_new,old_pearson,new_pearson
GDIB_MOUSE,VIEGSFVYK,2,-1.20174282375022,0.449690439148061,12,0.07684,0.0274391835132664,344404400,521.28442,0.0754842893746693,6,1,4,0| 1| 2| 3| 6| 7| 9| 16| 21| 24| 31,0.0601601595574959,,0.432147419145836| 0.51099390458787| 0.479562695441187| 0.493731141711905| 0.456685271364889| 0.418753430994608| 0.410628897834976| 0.389165624168441| 0.422354372094108| 0.351520189824667| 0.402154866630947| 0.332971975067285,0.52781,0.299929351513694,0.0383545219243549,0.0137613225821488,0.139918677417851,0.0286592924839659,0.0447889263789219,0.108891073621078,0.014562148905672,0.242403817759298,0.835275185426348
GDIB_MOUSE,MLLFTEVTR,2,0.931338740835027,0.96188326619693,12,0.18834,0.022857891911445,183199866.666667,555.30481,0.0188727509673842,1,2,5,1| 2| 3| 7| 9| 13| 16| 24,0.218078062249648,0.0105251108165583|-0.0191308873748478|-0.0191960973286574|-0.00578961858960786|-0.0594604405002265|,0.524118186420092| 0.490330208039007| 0.450511928310386| 0.427247852600677| 0.368017474993648| 0.386884647389572| 0.359247150847753| 0.351164154313758| 0.310536926901693| 0.330031112364078| 0.327858167894179| 0.304225472555263,0.524118186420092,0.327250529695756,0.0134523983772977,0.157778001477884,0.218901998522116,0.0138855995463846,0.16655556698139,0.21012443301861,0.00989758287641302,0.989503676345601,0.987113002937706
GDIB_MOUSE,VIcILSHPIK,2,0.384938295809987,0.630786178242405,12,0.07801,0.0169382812911428,31775198.3333333,590.34955,0.0505293532072992,2,1,2,2| 3| 7| 24| 31,0.150167469209685,0.0581677882648942|0.0568990806923378|,0.520148619087612| 0.43968247334031| 0.471350630058114| 0.419848364867085| 0.372042266017092| 0.340238482272399| 0.31018235766782| 0.336943753852578| 0.30261246750764| 0.320526296169026| 0.300158687686775| 0.28814454344208,0.520148619087612,0.269004180876072,0.0444641210382783,0.0470164876419376,0.109003512358062,0.0140816544058317,0.050736757866135,0.105283242133865,0.0123913793899436,0.891314590365107,0.924602798727788
GDIB_MOUSE,VIcILSHPIK,3,0.568203194298173,0.947210400767974,12,0.13278,0.0290094484238816,166335385.714286,393.90213,0.0468240999596688,5,2,1,1| 2| 3| 6| 7| 9| 13| 16,0.144532653061239,-0.0292074892191626|,0.519142249664391| 0.476380558052275| 0.436778967512956| 0.41489593043352| 0.36376093559376| 0.383120849626856| 0.327388151000507| 0.313824343494567| 0.291937075784539| 0.322752744326041| 0.286369923664114| 0.276314837167464,0.519142249664391,0.268483718891904,0.0174542700237667,0.0847472286232295,0.18081277137677,0.021823305434631,0.114875182559363,0.150684817440637,0.00813491057372752,0.893222414999865,0.980703753050954
GDIB_MOUSE,FVSISDLFVPK,2,0.973505010896336,0.99325080945878,12,0.26571,0.0198856573667942,420228371.428571,626.35284,0.0116026446658123,2,2,7,1| 2| 3| 6| 7| 9| 13| 16| 21| 24| 31,0.270111594794547,-0.0116773679218204|0.00950057039967263|-0.0264167163534626|-0.0198482827451105|0.0157260999874992|0.0188006828105167|-0.0587313090014278|-0.000295108253800691|0.0319591124764421|,0.469180907481983| 0.421162317991433| 0.384878436991618| 0.347322336769654| 0.291035486616119| 0.28992967050797| 0.276489693177645| 0.263686938102494| 0.243337090228067| 0.263686938102494| 0.24904664062443| 0.257667972612991,0.469180907481983,0.254347104583064,0.00588854408329329,0.227693809331441,0.303726190668559,0.0172723521179615,0.246416121657737,0.285003878342263,0.00876601928252367,0.986765117354521,0.996689531086191
GDIB_MOUSE,DLGTDSQIFISR,2,0.97013422058649,0.976223218609726,12,0.41219,0.0342530266969987,171470416.666667,676.34625,0.0147672605690849,5,0,0,6| 7| 9| 21| 31,0.336869116585954,,0.440509640636801| 0.341658917876887| 0.303929680048457| 0.276269149642955| 0.204654689886051| 0.184717490309868| 0.188149784102666| 0.169214743245832| 0.158972692595381| 0.154309306717619| 0.160527677561605| 0.161895357718636,0.440509640636801,0.163833529527963,0.01355613433182,0.350632207856323,0.473747792143677,0.027968290426038,0.355680825832861,0.468699174167139,0.0256744912350539,0.991491354935161,0.990270096986672
GDIB_MOUSE,MISFAHNVAAQGK,2,0.965442371976447,0.983469679038997,12,0.51394,0.0535561683637662,68948677.1428571,687.35333,0.0200383665345102,3,5,1,0| 1| 2| 3| 6| 7| 9| 13| 16,0.511507304453825,0.0327756958064069|,0.471977913326398| 0.319285825016545| 0.221415776424413| 0.173955176156687| 0.135689363846199| 0.134425328312184| 0.121265243278469| 0.120203730552484| 0.115706483320437| 0.112941699544475| 0.112993461021745| 0.107714647034228,0.471977913326398,0.126236468331237,0.0136773835987082,0.390822186879912,0.637057813120088,0.0559375935043987,0.429904729211962,0.597975270788037,0.0381807530384597,0.991034892910422,0.996857566878109
GDIB_MOUSE,PALELLEPIEQK,2,0.903915025691908,0.982735434959681,12,0.30924,0.0418499977027849,39852583.75,690.39264,0.0292956650639423,2,3,4,1| 3| 6| 7| 9| 13| 16| 21| 31,0.29799359318695,0.00440041114871951|0.0094172891120818|0.0454791491677099|,0.426860875728763| 0.348666789771369| 0.281667389327553| 0.250398358423301| 0.167597237856559| 0.149279258100408| 0.124654891763337| 0.133948894812189| 0.114680002024156| 0.13711597714373| 0.117477342142077| 0.146202237669154,0.426860875728763,0.114169345427639,0.0129950894716611,0.209891539997667,0.408588460002333,0.0451381780594003,0.265170608716882,0.353309391283118,0.0200225753943249,0.973396314337643,0.994206841158292
GDIB_MOUSE,MTGSEFDFEEMK,2,0.725820524496234,0.757108830642696,12,0.11192,0.0262277769265341,15402619.4,725.79688,0.0562322421229798,2,1,1,2| 3| 9| 24,0.162008890042854,-0.0455856879071595|-0.0414993345883522|,0.420907545383787| 0.360043410572358| 0.35989997110121| 0.40555008108774| 0.142536594631296| 0.241063465802932| 0.253481524350377| 0.157593507671006| 0.19311844970701| 0.152075961395273| 0.166659421498186| 0.154173667658041,0.420907545383787,0.149341047806694,0.0506453171386031,0.0575483138470532,0.166291686152947,0.0247033406547411,0.0629503842668355,0.160889615733164,0.0222489531736283,0.871599312962121,0.891066894203029
GDIB_MOUSE,MTGSEFDFEEMKR,3,0.981344418468193,0.994400720687287,12,0.25234,0.0152696063097275,88431331.6666667,536.23407,0.0117416085894229,4,3,2,1| 2| 3| 6| 7| 9| 13| 21| 24,0.247257851250481,-0.0283051031294132|-0.0230622314936835|0.0162366679897944|-0.00196294785810725|0.0151203614637723|0.013998140051064|,0.383154403288995| 0.321312163527515| 0.280229381793616| 0.243656950362199| 0.187988488998569| 0.160228590755801| 0.144993446658223| 0.130178431852753| 0.11524244399069| 0.1357186294069| 0.118958049956359| 0.113211628404349,0.383154403288995,0.118032509941155,0.00652674964935106,0.220891957423799,0.283788042576201,0.014288166574407,0.234859132766707,0.269820867233293,0.00794229218843038,0.991230639606049,0.997329601735094
GDIB_MOUSE,EIRPALELLEPIEQK,2,0.460285884418467,0.523715328966012,6,0.12036,0.0617323843288728,6175600,889.50653,0.068989136627326,1,0,1,1| 3,NaN,,0.355150844336209| 0.326198536074262| 0.286137832263833| 0.0609328891231547| NaN| NaN| NaN| NaN| 0.0965860189489616| NaN| 0.0884166389273346| NaN,0.355150844336209,0.0651683783969199,0.0597249946413193,0,0.40335456230094,0.11008969194202,0,0.363930423071411,0.0947530320868996,0.734803245809801,0.78336812894035
GDIB_MOUSE,EIRPALELLEPIEQK,3,0.890509584530825,0.972317190564743,12,0.20345,0.0293105236693183,71004234.5454545,593.34009,0.0320405159436522,3,0,7,0| 1| 3| 7| 9| 13| 16| 21| 24| 31,0.219313961644478,,0.386417419333413| 0.2777217706494| 0.274493221192509| 0.189730979336383| 0.14576687355492| 0.121851379254637| 0.120715435740557| 0.0772887129659503| 0.0767103421832287| 0.0733274667090772| 0.0698263666440238| 0.0556646336609164,0.386417419333413,0.0709056363060254,0.0168045521664399,0.136069384735288,0.270830615264712,0.0306138435311336,0.168110336112753,0.238789663887247,0.0160562935858742,0.959621293319598,0.986746709265781
GDIB_MOUSE,TDDYLDQPccETINR,2,0.954781615346071,0.981487749188979,12,0.23367,0.0221713071160332,30999567,950.396,0.0183128669731306,6,1,0,1| 2| 6| 7| 9| 13| 16,0.264594038655435,,0.35892977424636| 0.296279507432303| 0.253240568053373| 0.210412058565396| 0.147821726992978| 0.161312810451065| 0.132122017868418| 0.0922538905097361| 0.0948647575255893| 0.114107049220227| 0.0957218320720743| 0.0985741847020581,0.35892977424636,0.100630013976364,0.0116261082721035,0.18749528926059,0.27984471073941,0.0209791104476894,0.204355519242994,0.262984480757006,0.0133187998293835,0.990595461923772,0.993229313689822
GDIB_MOUSE,VPSTEAEALASSLMGLFEK,2,0.146150511223159,0.991948570390738,12,0.18511,0.0745380730650175,38689178.3333333,990.50336,0.0826836738190314,1,2,6,0| 2| 3| 6| 13| 16| 21| 24| 31,0.192791679925976,,0.31017306164386| 0.264903115858786| 0.238296146411052| 0.188149780952333| 0.12181611426136| 0.125431599847898| 0.100587176510068| 0.0574243279163818| 0.0534899506897743| 0.0539388096428934| 0.0393809582532314| 0.0393809582532314,0.31017306164386,0.0471420637995528,0.00818965092385562,0.0137578508391756,0.356462149160824,0.0778524782316767,0.168137915646915,0.202082084353085,0.00771113075684051,0.63693796038935,0.997121478155411
GDIB_MOUSE,VPSTEAEALASSLMGLFEK,3,0.988966251462172,0.996776839667153,12,0.28175,0.0133138592702098,73144821.1111111,660.67133,0.00881607527078393,1,0,5,2| 6| 9| 13| 16| 31,0.287370967364744,0.029477033517326|,0.309804797094287| 0.245831373619042| 0.195837991395475| 0.15474843584903| 0.0871444524053786| 0.0898668271369121| 0.0698282114189474| 0.0521651145165888| 0.0596200379177568| 0.0508911507864223| 0.049248812740988| 0.0414206603529615,0.309804797094287,0.0470860926239806,0.00484604330181253,0.251630900376577,0.311869099623423,0.0136843719747539,0.265194054581701,0.298305945418299,0.0075220613607432,0.995523154848005,0.998432140708175
GDIB_MOUSE,FDLGQDVIDFTGHSLALYR,2,0.00647017318429854,0.916244469973632,12,0.19351,0.053395095947755,11405269.3333333,1084.04456,0.045820334673649,1,0,8,0| 1| 2| 3| 6| 7| 9| 21| 24,0.182552253574486,,0.29327652724049| 0.205083735980177| 0.211446632211673| 0.195476097145795| 0.139881471731856| 0.160467125459489| 0.111043699042223| 0.100499233726071| 0.0777581517868191| 0.0767507947086852| 0.086477320728528| 0.0726440370929959,0.29327652724049,0.0681044991970965,0.019376198939637,0.0707624688515155,0.316257531148484,0.0557693588526887,0.14160333891116,0.24541666108884,0.0235833762359476,0.780134082349151,0.973306327830649
GDIB_MOUSE,FDLGQDVIDFTGHSLALYR,3,0.996865763283618,0.998661425735207,12,0.29506,0.00762719866300606,129294516,723.03217,0.00398963902691821,3,2,0,1| 6| 7| 13| 21,0.299700755764721,-0.0362782172408112|-0.0212141515988699|0.0142646614120065|0.0744537929832321|,0.286676061128978| 0.230630730631581| 0.187621566734358| 0.153842038041398| 0.106487653363774| 0.0949319969080261| 0.0810503626550835| 0.0710171715920503| 0.0610549697430807| 0.0649080008184417| 0.0660689642445983| 0.0650182955923562,0.286676061128978,0.0665717429167982,0.00264747266684173,0.279013571005741,0.311106428994259,0.00729056664938139,0.284411798025814,0.305708201974186,0.00483792538618077,0.998974624312806,0.999502745284728
GDIB_MOUSE,AYDATTHFETTcDDIKDIYK,3,0.939753744338876,0.988334688109896,12,0.28768,0.0374184217519507,13888955.3333333,803.03015,0.0169240209780153,1,7,1,0| 1| 6| 7| 9| 13| 16| 21| 24,0.27106878398577,,0.244545731359702| 0.193001201778866| 0.176233489038816| 0.145686201013812| 0.100743994848511| 0.0797019954493833| 0.0833654760049538| 0.0712710982761656| 0.056054035642859| 0.056054035642859| 0.056054035642859| 0.0637153041765072,0.244545731359702,0.0623976680528443,0.00659444923063176,0.20166051060684,0.37369948939316,0.0390822668888476,0.254162483306719,0.321197516693281,0.0152284155846473,0.975043757109179,0.994342804708175
GDIB_MOUSE,AYDATTHFETTcDDIKDIYK,4,0.988829382600345,0.996761188269394,12,0.33516,0.0176210025338012,71664945,602.52441,0.00659644784163645,0,3,2,1| 3| 6| 21| 31,0.348107259234584,0.0266485156647913|,0.248659096827865| 0.196067679901789| 0.157585233499276| 0.132256966760115| 0.0816464078770858| 0.0784877927360826| 0.069970441735025| 0.0570569096029756| 0.0660631646427271| 0.0617962027590015| 0.0629574941783371| 0.0640926499576337,0.248659096827865,0.0634472239442328,0.00344664817596187,0.295087467508605,0.375232532491395,0.0182066345753645,0.314222076388165,0.356097923611835,0.00951297809913659,0.995539548759358,0.998877988827544
GDIB_MOUSE,VLHMDQNPYYGGESASITPLEDLYK,3,0.940605388205532,0.982929414246278,12,0.1721,0.0191344285480733,73279574,947.45306,0.0144227678159738,0,2,5,0| 1| 3| 9| 16| 24| 31,0.176119594473899,,0.18262| 0.144907281330454| 0.135278482645912| 0.119847995167463| 0.0762723635821981| 0.068233088930491| 0.0550299052688347| 0.0436195336101336| 0.0236501144461759| 0.0430860273564409| 0.0254995942753143| 0.0240997969503665,0.18262,0.021932009086472,0.00675679564314214,0.128112741947103,0.216087258052897,0.0199852588182023,0.15149279635103,0.19270720364897,0.00936271812961861,0.978215885281547,0.992695668285462
GDIB_MOUSE,KFDLGQDVIDFTGHSLALYR,4,0.971096275288446,0.986229908616621,12,0.23895,0.0188985804361668,4631144.75,574.54968,0.0120331343926066,3,2,1,1| 2| 6| 7| 21| 24,0.231320561410859,,0.266794150819432| 0.214609301527294| 0.177923740172971| 0.178032892472262| 0.119799407288192| 0.103653050262806| 0.0833693547368113| 0.0723323082780887| 0.0683139737778823| 0.0584326233936119| 0.0521365909033739| 0.05258873766418,0.266794150819432,0.0619547776333718,0.00806692367999171,0.199244472722272,0.278655527277728,0.0180398886924105,0.212331710220068,0.265568289779932,0.012093807027256,0.99007087623449,0.993281095743543
GDIB_MOUSE,LSAIYGGTYMLNKPIEEIIVQNGK,3,0.932502742195002,0.971174570752081,12,0.14671,0.0157198724501005,66835680,884.47528,0.0152505294560742,0,3,4,0| 1| 3| 7| 21| 24| 31,0.138042613779366,,0.22601545122383| 0.187179479530023| 0.167532505520227| 0.132934812774063| 0.105469500740026| 0.0915617815483483| 0.078853075162845| 0.0562141909357851| 0.0508120193029424| 0.0429141501978307| 0.0523671980034014| 0.0258656456025893,0.20049,0.0304717383291801,0.0103978017833517,0.110572307970999,0.182847692029001,0.0164188712882163,0.122071343374495,0.171348656625505,0.0111943765397103,0.973220334588611,0.991607275875811

