protien,peptide,charge,rsquared,rateconstant,mo,io_e,io_a1a0,io_a2a0,io_a2a1
RSSA_MOUSE,LLVVTDPR,2,0.975852324132779,0.08295,0.58438,0.605685379016888,0.606518294943873,0.592614345718503,0.572795241354426
RSSA_MOUSE,FAAATGATPIAGR,2,-0.425053604948554,0.08276,0.4962,0.48029682112581,0.510733053680042,0.426103348499721,0.324543426947127
RSSA_MOUSE,YVDIAIPcNNK,2,0.553479412717006,0.01912,0.46336,0.524238688358862,0.49630428828699,0.512968942018355,0.548773688730734
RSSA_MOUSE,FTPGTFTNQIQAAFR,2,0.908946692118891,0.07332,0.36191,0.386188731588926,0.392279844979994,0.378481323199303,0.362924875476324
RSSA_MOUSE,FTPGTFTNQIQAAFR,3,0.956600804138371,0.08349,0.36191,0.371126741846781,0.372122336722435,0.36191,0.348963106438944
RSSA_MOUSE,AIVAIENPADVSVISSR,2,0.717343299900461,0.07554,0.36986,0.385786653320661,0.373833650355585,0.384180110906397,0.399039524663656
RSSA_MOUSE,AIVAIENPADVSVISSR,3,-1.05724757470481,0.07361,0.36986,0.379920634162146,0.350828958048695,0.385641463312706,0.430455928468478
RSSA_MOUSE,FLAAGTHLGGTNLDFQMEQYIYK,3,0.969475768849226,0.0994,0.20151,0.205698893144539,0.190978181305656,0.202297506911845,0.216153070983633
RSSA_MOUSE,ADHQPLTEASYVNLPTIALcNTDSPLR,3,0.960043316565268,0.09268,0.17861,0.179805829971473,0.16482061890756,0.17861,0.197517022328528

