PeptideSeq,Charge,Abun,t0,i0,t1,i1,t2,i2,t3,i3,t6,i6,t7,i7,t9,i9,t13,i13,t16,i16,t21,i21,t24,i24,t31,i31
LYAHHLSR,2,16362127.5,16.2724855,36.67,15.8754595,34.65,16.2410335,40.37,16.3237055,36.93,16.2708415,23.25,16.3699485,30.22,16.527894,0,16.510501,0,15.907567,0,16.4688605,26.85,16.563186,25.66,15.9601195,0
LVASAEQLLK,2,45210080,39.4797555,36.79,39.662966,24.3,39.45434,37.83,39.607227,40.92,39.7179545,41.11,40.092024,39.97,39.778229,38.25,39.937376,0,39.889822,31.96,39.9623355,24.84,39.7404655,36.03,39.2798635,0
NVSLGNVLAVAYAAK,2,31932428.3333333,57.3804245,64.06,57.439352,69.29,57.700853,0,57.716982,47.72,57.799017,0,57.689213,39.32,57.769934,53.14,58.0431885,0,57.5256065,0,57.981264,18.88,58.207306,0,58.36051,0
YEFQGNHFQVTR,3,32111814,32.7566775,21.25,32.905617,0,32.5175115,26.63,32.6061115,30.34,32.942291,20.35,32.9809055,33.73,33.0624425,33.57,33.0243755,0,32.870489,26.55,33.182648,26.14,33.0729045,18.32,33.022083,35.04
YEFQGNHFQVTR,2,1718589.75,1952.430054,45.22,1960.331543,0,32.509506,56.91,1955.865601,0,1949.303955,0,32.7897875,59.79,32.793076,43.19,32.9993595,23.33,32.816223,0,1949.407837,0,33.06768,0,33.023842,0
GPIVESYIGFIESYR,3,7069567.33333333,66.424183,22.94,66.430523,36.51,66.4730875,37.42,66.499275,37.32,66.6275445,0,66.807972,0,67.321747,25.5,66.9796945,0,66.953777,0,66.825256,0,67.152508,0,67.9018745,19.48
LASVLNTDPALDSELTSK,2,152368600,51.2433565,42.15,51.1625695,0,51.2543925,0,51.2711425,0,51.476141,16.01,51.450384,23.4,51.5672455,0,51.7205695,0,3032.820557,0,51.7749655,19.18,3046.330811,0,52.0500715,17.05
EGVTTYFSGDcTMEDAK,2,2786490.33333333,44.203226,22.34,44.336716,49.03,44.3068105,0,44.345228,24.67,44.485741,0,44.510567,0,44.571543,0,2677.476074,0,2670.894043,0,44.736443,0,2687.362305,0,44.872719,0
LAQDFLDSQNLSAYNTR,2,9651638.7,50.323641,64.61,50.304226,64.32,50.358656,79.08,50.3461155,67.95,50.6168745,64.86,50.612652,49.62,50.7163925,0,50.8747865,62.89,50.78097,17.09,50.1472095,0,50.971825,22.08,51.1492405,30.86
GPSFDVQVGLHELLGHGSGK,4,15649441.6,50.5678825,49.68,50.5297145,40.26,50.218468,48.5,50.8203105,36.84,50.8503935,0,50.859938,27.78,50.9158745,32.3,51.100401,30.21,51.03318,0,51.1056785,36.11,51.355547,26.5,51.35343,28.31
LEGSEVQLVEYEASAAGLIR,2,17640300.6,65.574631,72.27,65.9823075,84.15,66.059761,109.59,66.095669,69.08,65.637413,0,65.490669,35.8,65.738003,0,65.4487495,0,65.895855,0,65.907097,0,65.939049,0,66.061218,0
GAFNFDKETVINPETGEQIQSWYR,3,6777669.2,55.80398,52.32,55.8866505,52.73,55.8550245,52.59,55.922184,54.31,55.411854,0,56.0775605,40.16,55.535704,0,3377.48999,25.72,3343.269043,0,3348.306641,0,56.842724,0,3369.208252,0
FLTPDFTSLDVLTFAGSGIPAGINIPNYDDLR,3,6452395.66666667,86.873787,50.23,86.8249245,20.95,87.317799,24.44,86.879749,0,87.024979,0,87.1258965,0,86.8026005,0,87.399494,0,87.1266975,0,87.3417055,0,87.589096,0,87.8987085,0
QHALAEGLTEEEYQAFLVYAAGVYSNMGNYK,3,2104048,74.7498585,21.04,74.814293,78.62,74.8418885,95.39,74.8862075,42.66,74.9868355,0,4505.166992,0,4510.186523,0,4514.839844,0,4511.259277,0,4511.26123,0,4532.694336,0,4543.052246,0
ELPWPLAFEK,2,38033314.2857143,62.2919405,0,62.3847175,0,62.4279845,37.7,62.443802,23.98,62.0919075,0,62.6490495,37.59,62.7605175,37.11,62.4220925,0,61.4872815,0,62.9143185,37.5,63.2005135,34.24,63.2991295,24.27
GPIVESYIGFIESYR,2,27367428.5714286,66.599453,0,66.480011,0,66.0850945,73.47,66.431526,73.51,66.6423415,25.66,66.736889,27.43,66.3008845,0,66.358555,0,67.4184765,37.15,67.477211,30.63,67.240715,56.23,66.6657065,0
DLWQTcGDLMFSLEPR,2,4317087.3,73.4236945,0,73.5635645,78.7,73.319878,91.28,73.6532555,52.82,73.7831115,0,73.430458,19.34,73.816494,51.67,73.9322165,29.93,74.076481,24.96,73.7975085,21.68,74.213062,23.27,74.5772325,39.25
LEGSEVQLVEYEASAAGLIR,3,13992410,65.900036,0,65.8198775,33.92,65.786602,79.04,65.5395125,0,65.7761995,0,65.8598095,0,65.789429,0,65.8669775,0,66.1721,0,65.4936375,0,65.678635,0,65.9116665,0

