Portien,rateconst,Abundance,PeptideCount
1433B_MOUSE,0.070738,29459600000,8
1433E_MOUSE,0.083806,22297000000,11
1433F_MOUSE,0.077325,2713810000,6
1433G_MOUSE,0.083097,7270570000,9
1433T_MOUSE,0.107029,538263000,4
1433Z_MOUSE,0.082737,6564380000,8
2A5A_MOUSE,0.054968,349400000,3
2AAA_MOUSE,0.100126,6971980000,12
2ABA_MOUSE,3.727328,1886250000,3
3HIDH_MOUSE,0.019544,30607300000,14
5NT3A_MOUSE,0.056661,6472890000,8
6PGD_MOUSE,0.094467,1446280000,6
6PGL_MOUSE,0.029094,5373270000,6
A1AG1_MOUSE,1.348321,374183000,1
A1AT1_MOUSE,0.206548,15612300000,11
A1AT2_MOUSE,0.290602,19615100000,12
A1AT3_MOUSE,0.262717,15514900000,4
A1AT4_MOUSE,0.016162,4065580000,1
A1AT5_MOUSE,0.298498,1032730000,2
A2AP_MOUSE,0.149361,213252000,1
AAKB2_MOUSE,0.090563,159923000,1
AAKG1_MOUSE,0.096951,48141400,2
AAMDC_MOUSE,0.045839,1161090000,2
AAPK2_MOUSE,0.157803,295979000,2
AATC_MOUSE,0.050326,324003000000,43
AATM_MOUSE,0.0193,834709000000,58
ABCB7_MOUSE,0.038589,483898000,3
ABCBA_MOUSE,0.013618,225791000,2
ABCC9_MOUSE,0.086799,151292000,1
ABCD3_MOUSE,0.115948,11692200000,3
ABCE1_MOUSE,0.101122,263064000,3
ABEC2_MOUSE,0.074876,1876330000,2
ABHDB_MOUSE,0.029471,4516900000,5
ABHEB_MOUSE,0.023462,35895400,1
ABLM1_MOUSE,0.062577,15425600000,21
ABRAL_MOUSE,0.060396,899610000,2
ACACB_MOUSE,0.062867,60296600,1
ACAD8_MOUSE,0.039891,10404000000,12
ACAD9_MOUSE,0.048221,14971900000,10
ACADL_MOUSE,0.022635,740226000000,50
ACADM_MOUSE,0.034085,518937000000,42
ACADS_MOUSE,0.022555,126968000000,33
ACADV_MOUSE,0.039596,384375000000,58
ACBP_MOUSE,0.045483,15468600000,2
ACD10_MOUSE,0.028417,21745100000,16
ACD11_MOUSE,0.340642,319507000,2
ACDSB_MOUSE,0.065212,13890900000,10
ACO13_MOUSE,0.030244,90863200000,9
ACOC_MOUSE,0.051398,1079420000,8
ACON_MOUSE,0.025304,2150170000000,95
ACOT2_MOUSE,0.022777,109971000000,30
ACOT9_MOUSE,0.029174,3841640000,7
ACOX1_MOUSE,0.356777,2134940000,6
ACPM_MOUSE,0.03166,64149700000,9
ACS2L_MOUSE,0.042403,71705800000,30
ACSF2_MOUSE,0.037689,4697830000,9
ACSF3_MOUSE,0.032969,382914000,2
ACSL1_MOUSE,0.035072,172397000000,47
ACSL6_MOUSE,0.018432,335807000,2
ACTA_MOUSE,0.022784,7962710000000,87
ACTBL_MOUSE,0.017335,17093800000,8
ACTB_MOUSE,0.062382,569934000000,20
ACTC_MOUSE,0.027562,265760000000,2
ACTG_MOUSE,0.067014,29554900000,13
ACTN1_MOUSE,0.053659,164726000000,30
ACTN2_MOUSE,0.048389,981605000000,77
ACTN4_MOUSE,0.066168,26499400000,10
ACTS_MOUSE,0.018676,6398680000,4
ACTY_MOUSE,0.092817,100227000,1
ACTZ_MOUSE,0.052203,874164000,3
ACY1_MOUSE,0.035649,37905000,1
ACY3_MOUSE,0.029703,49027100,1
ACYP1_MOUSE,0.060699,3712090000,4
ACYP2_MOUSE,0.424132,4092070000,3
ADCK1_MOUSE,0.044933,231391000,3
ADDA_MOUSE,0.250034,31406300,1
ADDG_MOUSE,1.548161,129165000,1
ADHX_MOUSE,0.053909,4521600000,8
ADIPO_MOUSE,0.029378,9224440000,5
ADK_MOUSE,0.06468,11970500000,8
ADRO_MOUSE,0.032969,42113400,1
ADT1_MOUSE,0.022859,2628210000000,51
ADT2_MOUSE,0.024744,411081000000,7
ADT4_MOUSE,0.021355,3956940000,1
ADX_MOUSE,0.457446,633597000,1
AFG1L_MOUSE,0.035602,7512380000,5
AFG32_MOUSE,0.043342,27058200000,16
AGK_MOUSE,2.508675,2702180,1
AGO2_MOUSE,0.02713,8232080,1
AGRIN_MOUSE,0.027765,98977800,2
AHSA1_MOUSE,0.208402,161553000,1
AIFM1_MOUSE,0.020842,39231300000,21
AIMP1_MOUSE,0.054269,26948200,1
AK1A1_MOUSE,0.069626,473648000,2
AKAP1_MOUSE,0.125019,7554280000,1
AKCL2_MOUSE,0.031156,144513000,1
AL1A1_MOUSE,0.056296,236637000,2
AL1B1_MOUSE,0.022471,126736000,1
AL4A1_MOUSE,0.024385,32688500000,17
AL7A1_MOUSE,0.033938,1146060000,4
AL9A1_MOUSE,0.048735,91592900,1
ALAT1_MOUSE,0.100494,384189000,1
ALBU_MOUSE,0.160374,1484710000000,62
ALD1_MOUSE,0.032174,4322600000,1
ALD2_MOUSE,0.029424,1561790000,2
ALDH2_MOUSE,0.067133,82728000000,26
ALDOA_MOUSE,0.091963,369804000000,36
ALDOB_MOUSE,0.063955,260667000,2
ALDR_MOUSE,0.043853,37637600000,14
AMACR_MOUSE,0.018062,504639000,2
AMPL_MOUSE,0.035815,4983800000,8
AMPN_MOUSE,0.122587,74587900,1
AMRP_MOUSE,0.262015,189609000,1
AN32A_MOUSE,0.089897,2508130000,4
ANK2_MOUSE,0.085551,343179000,2
ANT3_MOUSE,0.736441,3654870000,5
ANX11_MOUSE,0.119813,1851340000,4
ANXA1_MOUSE,0.118415,2044240000,4
ANXA2_MOUSE,0.035768,17090400000,15
ANXA3_MOUSE,0.074123,1287390000,5
ANXA4_MOUSE,0.161489,3867660000,7
ANXA5_MOUSE,0.099995,22169400000,14
ANXA6_MOUSE,0.064827,43113900000,24
ANXA7_MOUSE,0.076653,1799740000,5
AOC3_MOUSE,0.034299,34840700,1
AOFB_MOUSE,0.026349,6377990000,7
AP1B1_MOUSE,0.063459,10637500000,4
AP2A1_MOUSE,0.103765,417520000,3
AP2A2_MOUSE,0.466051,213344000,3
AP2B1_MOUSE,0.07085,2843240000,2
AP4A_MOUSE,0.015732,3254220000,3
APEH_MOUSE,0.034275,449171000,3
APMAP_MOUSE,0.072913,68148900,1
APOA1_MOUSE,0.644073,36773600000,10
APOA2_MOUSE,0.671504,4063390000,1
APOA4_MOUSE,0.159256,3297740000,5
APOC1_MOUSE,0.749003,335112000,1
APOE_MOUSE,0.736826,524020000,1
APT_MOUSE,0.061334,194247000,1
AQP1_MOUSE,0.075114,692884000,2
ARC1A_MOUSE,0.095817,1639610000,4
ARF1_MOUSE,0.164773,6802320000,6
ARHL1_MOUSE,0.079427,14212700000,11
ARK72_MOUSE,0.031536,6825890000,8
ARL8A_MOUSE,0.060844,19901100,1
ARL8B_MOUSE,-0.419355,0,1
ARMC1_MOUSE,0.033049,28646200,1
ARP2_MOUSE,0.062469,473418000,2
ARP3_MOUSE,0.068496,5802730000,6
ARPC2_MOUSE,0.032059,321311000,1
ARPC4_MOUSE,0.033373,349231000,1
ARPC5_MOUSE,0.210255,473960000,1
AS3MT_MOUSE,0.038007,77738600,1
ASGL1_MOUSE,0.043459,1113870000,5
ASPH_MOUSE,0.063359,961267000,3
AT1A1_MOUSE,0.042017,107102000000,42
AT1A2_MOUSE,0.084134,2961970000,5
AT1B1_MOUSE,0.044836,26658700000,6
AT1B3_MOUSE,0.026724,906952000,2
AT2A2_MOUSE,0.084857,1258270000000,104
AT5F1_MOUSE,0.020181,279132000000,22
ATAD1_MOUSE,0.062813,1874710000,3
ATAD3_MOUSE,0.027623,29054200000,4
ATIF1_MOUSE,0.029628,3823920000,5
ATOX1_MOUSE,0.0626,2105150000,2
ATP5E_MOUSE,0.033056,44868700000,1
ATP5H_MOUSE,0.024707,596189000000,27
ATP5I_MOUSE,0.014369,117123000000,9
ATP5J_MOUSE,0.026817,103207000000,11
ATP5L_MOUSE,0.023725,92267200000,11
ATP5S_MOUSE,0.042415,436578000,1
ATP68_MOUSE,0.033827,4384180000,1
ATP6_MOUSE,0.023154,5558740000,9
ATP8_MOUSE,0.02,6325420000,1
ATPA_MOUSE,0.025686,3739150000000,84
ATPB_MOUSE,0.022263,5005030000000,88
ATPD_MOUSE,0.021705,184803000000,15
ATPF1_MOUSE,0.045102,904103000,2
ATPF2_MOUSE,0.040597,655401000,3
ATPG_MOUSE,0.019725,447752000000,20
ATPK_MOUSE,0.015586,145248000000,5
ATPMK_MOUSE,0.021595,36495300000,3
ATPO_MOUSE,0.017935,371413000000,20
AUHM_MOUSE,0.018507,7282310000,9
B2L13_MOUSE,0.02979,4831420000,4
B3AT_MOUSE,0.012441,3036630000,7
BACH_MOUSE,0.039301,889476000,3
BAG3_MOUSE,0.118852,5286450000,10
BAP31_MOUSE,0.084253,350451000,1
BASI_MOUSE,0.070957,21783200000,7
BCAM_MOUSE,0.11511,1223470000,7
BCAT2_MOUSE,0.020693,38909300000,16
BCKD_MOUSE,0.07501,162090000,1
BCS1_MOUSE,0.839106,11034000000,2
BDH_MOUSE,0.018349,80023300000,18
BGH3_MOUSE,0.647977,284581000,1
BIEA_MOUSE,0.019365,47916200,2
BIP_MOUSE,0.12079,61675400000,20
BLMH_MOUSE,0.025065,306905000,2
BLVRB_MOUSE,0.039522,2394320000,5
BOLA3_MOUSE,0.052896,1031000000,3
BPHL_MOUSE,0.020825,4222850000,6
BRI3B_MOUSE,0.029905,3308020000,2
BT3L4_MOUSE,0.082557,123563000,1
BTF3_MOUSE,6.1E-05,119749000,1
C1QBP_MOUSE,0.025078,14448200000,5
C1TC_MOUSE,0.079495,42493800,1
C560_MOUSE,0.01295,33551700000,8
CA2D1_MOUSE,0.174741,1367380000,8
CAB39_MOUSE,0.101882,155950000,2
CACP_MOUSE,0.02556,79674800000,28
CAD13_MOUSE,0.039314,9602830000,4
CADH2_MOUSE,0.056582,8121440000,11
CAF17_MOUSE,0.030891,2356890000,4
CAH1_MOUSE,0.022602,666151000,3
CAH2_MOUSE,0.015158,9430960000,8
CAH4_MOUSE,0.028778,43299900,1
CALM1_MOUSE,0.091055,5705790000,7
CALR_MOUSE,0.128013,3888790000,5
CALU_MOUSE,0.060745,424960000,2
CALX_MOUSE,0.100851,11208900000,9
CAN2_MOUSE,0.050313,245288000,4
CAND1_MOUSE,0.088693,28532900,1
CAND2_MOUSE,0.101461,2274400000,5
CAP1_MOUSE,0.215808,314460000,3
CAP2_MOUSE,0.168991,4733470000,2
CAPR1_MOUSE,1.151177,8353810000,2
CAPZB_MOUSE,0.058071,13738900000,7
CASQ2_MOUSE,0.039688,108998000000,20
CATA_MOUSE,0.188117,8617660000,10
CATB_MOUSE,0.117415,7406240000,11
CATD_MOUSE,0.068416,16314400000,12
CAV1_MOUSE,0.036628,18382000000,6
CAV2_MOUSE,0.023063,123128000,1
CAVN1_MOUSE,0.04125,43971100000,16
CAVN2_MOUSE,0.068217,2227550000,5
CAVN3_MOUSE,0.037042,266933000,2
CAVN4_MOUSE,0.050547,2622300000,6
CAZA1_MOUSE,0.054945,3690110000,3
CAZA2_MOUSE,0.06129,8628790000,12
CBR1_MOUSE,0.082623,5009580000,3
CBR4_MOUSE,0.023679,2558470000,6
CBX3_MOUSE,0.179824,495510000,2
CC90B_MOUSE,0.014121,1634080000,3
CCHL_MOUSE,0.090595,2534940000,6
CD36_MOUSE,0.090315,62421500000,16
CD47_MOUSE,0.068614,150076000,1
CD81_MOUSE,0.009519,226266000,1
CDC42_MOUSE,0.101516,2035400000,3
CEBOS_MOUSE,0.019122,3824690000,1
CENPV_MOUSE,0.056842,1131280000,2
CEP68_MOUSE,-0.419355,0,1
CERU_MOUSE,0.152252,5847440000,9
CFAH_MOUSE,0.167085,53962700,1
CH082_MOUSE,0.021648,4527110000,6
CH10_MOUSE,0.028293,73777300000,5
CH60_MOUSE,0.023753,254655000000,48
CHCH2_MOUSE,0.975151,2211420000,2
CHCH7_MOUSE,0.035317,77656400,1
CHIP_MOUSE,0.042348,58693700,1
CHSP1_MOUSE,0.078375,96833700,1
CIA30_MOUSE,15.487067,1536000000,1
CISD1_MOUSE,0.027051,61160700000,6
CISD2_MOUSE,0.083954,589335000,2
CISD3_MOUSE,0.028301,2555650000,2
CISY_MOUSE,0.020014,284991000000,42
CLH1_MOUSE,0.08509,17499800000,28
CLIC1_MOUSE,0.13985,284782000,2
CLIC4_MOUSE,0.103664,158983000,2
CLIC5_MOUSE,0.033379,507956000,2
CLIP1_MOUSE,0.093723,808760000,2
CLPB_MOUSE,0.038097,498951000,2
CLPP_MOUSE,0.037301,1044940000,2
CLUS_MOUSE,0.64563,56636700,1
CLU_MOUSE,0.088529,117638000,1
CLYBL_MOUSE,0.036453,23771800000,20
CMBL_MOUSE,0.039343,807466000,4
CMC1_MOUSE,0.022113,112308000000,44
CMC2_MOUSE,0.020029,44879700000,32
CNBP_MOUSE,0.131127,968424000,1
CNDP2_MOUSE,0.045434,876169000,3
CNPY2_MOUSE,0.2044,74649200,1
CO1A1_MOUSE,0.001442,28243000000,5
CO1A2_MOUSE,0.003588,8730060000,4
CO3_MOUSE,0.625802,9690240000,15
CO4A1_MOUSE,0.013178,7403270000,8
CO4A2_MOUSE,0.001514,12295100000,11
CO6A1_MOUSE,0.002466,76500300000,39
CO6A2_MOUSE,0.002331,68213000000,29
CO6A6_MOUSE,0.004071,6986500000,16
CO9_MOUSE,0.383164,44813300,1
COA6_MOUSE,0.005976,124528000,1
COA7_MOUSE,0.034507,525934000,2
COF1_MOUSE,0.101488,13663100000,6
COF2_MOUSE,0.08366,14490800000,8
COFA1_MOUSE,0.037495,6330230000,9
COMT_MOUSE,0.123023,4376930000,6
COPB2_MOUSE,0.058282,57037100,1
COPD_MOUSE,0.118051,65488500,1
COPG1_MOUSE,0.150933,71668500,1
COQ3_MOUSE,0.040376,7159070000,5
COQ5_MOUSE,0.059452,7343610000,11
COQ6_MOUSE,0.029618,12441300000,14
COQ7_MOUSE,0.031632,7774330000,7
COQ8A_MOUSE,0.107076,26530700000,21
COQ9_MOUSE,0.038535,46294900000,15
COR1C_MOUSE,0.092149,178067000,1
CORO6_MOUSE,0.052623,668942000,2
COX15_MOUSE,0.033293,2471160000,2
COX17_MOUSE,0.304154,346024000,1
COX1_MOUSE,0.033884,99846000000,12
COX20_MOUSE,1.090207,1189540000,2
COX2_MOUSE,0.02355,423805000000,26
COX3_MOUSE,0.034456,16388800000,3
COX41_MOUSE,0.02814,549439000000,13
COX5A_MOUSE,0.024253,433373000000,31
COX5B_MOUSE,0.017088,288753000000,15
COX6C_MOUSE,0.02425,105780000000,8
COX7B_MOUSE,0.005378,104759000,1
COX7C_MOUSE,0.005368,749174000,2
COX7R_MOUSE,0.759903,427315000,1
COX8B_MOUSE,0.026128,48596500000,5
CP255_MOUSE,0.117193,26280300,1
CPNE1_MOUSE,0.091828,40744700,1
CPNE2_MOUSE,0.001086,275686000,1
CPNS1_MOUSE,0.08041,126217000,1
CPPED_MOUSE,0.094176,429368000,1
CPT1B_MOUSE,0.041195,135383000000,42
CPT2_MOUSE,0.031095,140886000000,41
CRIP2_MOUSE,0.067042,21168200000,13
CRK_MOUSE,0.087674,112788000,1
CRYAB_MOUSE,0.135463,160452000000,13
CSN2_MOUSE,0.067902,166508000,2
CSN4_MOUSE,0.031304,25595600000,1
CSN5_MOUSE,3.142701,171172000,1
CSN6_MOUSE,0.092513,246275000,1
CSN7A_MOUSE,0.148513,51884700,1
CSN8_MOUSE,0.060274,708178000,2
CSRP1_MOUSE,0.018433,513342000,2
CSRP3_MOUSE,0.067497,121929000000,15
CTBP1_MOUSE,2.119633,831442000,2
CTNA1_MOUSE,0.166008,5390030000,10
CTNA3_MOUSE,0.03112,4393220000,4
CTNB1_MOUSE,0.037988,52421600000,13
CTND1_MOUSE,0.076008,26155500,1
CUL5_MOUSE,0.027966,26235900,1
CUTA_MOUSE,0.02014,68701300,1
CX6A1_MOUSE,0.027975,6487050000,2
CX6A2_MOUSE,0.058008,990618000,2
CX6B1_MOUSE,0.021415,279983000000,8
CX7A1_MOUSE,0.039964,137495000000,4
CX7A2_MOUSE,0.062792,14450600000,2
CXA1_MOUSE,0.072733,5101480000,5
CY1_MOUSE,0.019591,363751000000,26
CYB5B_MOUSE,0.025401,2492090000,3
CYB5_MOUSE,0.097917,737401000,2
CYB_MOUSE,0.009851,26831800000,4
CYC2_MOUSE,0.007607,85570000000,3
CYC_MOUSE,0.021814,687526000000,17
CYTB_MOUSE,0.054357,950446000,2
D39U1_MOUSE,0.029202,10766600000,8
DAG1_MOUSE,0.072465,4839330000,5
DBNL_MOUSE,0.302762,73979700,1
DC1I2_MOUSE,0.00133,63152700,1
DC1L1_MOUSE,0.212954,1010500000,5
DCAKD_MOUSE,0.163387,175826000,2
DCMC_MOUSE,0.024454,8029550000,10
DCTN1_MOUSE,0.252065,909607000,2
DCTN2_MOUSE,0.106353,587972000,3
DDAH2_MOUSE,68.783376,120431000,1
DDB1_MOUSE,0.170745,100269000,2
DDX1_MOUSE,1.60662,616866000,3
DDX3L_MOUSE,0.452314,1331750000,3
DDX5_MOUSE,0.211489,2364120000,6
DECR_MOUSE,0.020154,230598000000,33
DERM_MOUSE,0.078754,630578000,3
DESM_MOUSE,0.066776,385590000000,35
DESP_MOUSE,0.129734,58265100000,72
DEST_MOUSE,0.089143,11027400000,6
DGUOK_MOUSE,0.003152,613053000,4
DHB11_MOUSE,0.046285,750637000,2
DHB4_MOUSE,0.09155,7697760000,8
DHB8_MOUSE,0.018617,11877800000,9
DHDH_MOUSE,0.040781,372428000,1
DHE3_MOUSE,0.025619,21225700000,20
DHI1_MOUSE,0.046207,31822200,1
DHPR_MOUSE,0.039614,8234440000,8
DHR11_MOUSE,0.052991,908862000,4
DHRS4_MOUSE,0.020922,35149900000,15
DHSD_MOUSE,0.031087,641848000,1
DHSO_MOUSE,0.027217,23137000000,3
DHX9_MOUSE,0.078498,91323400,1
DJC11_MOUSE,0.077748,647672000,2
DLDH_MOUSE,0.020351,276874000000,45
DLG1_MOUSE,0.102992,69944800,1
DMAC1_MOUSE,0.030391,85691700,1
DMD_MOUSE,0.03825,25997900000,57
DNJA2_MOUSE,0.238324,11719000000,4
DNJA3_MOUSE,0.067207,3432940000,7
DNJA4_MOUSE,0.026052,428998000,1
DNJB6_MOUSE,0.01766,169328000,1
DNM1L_MOUSE,0.059409,2883320000,9
DNPEP_MOUSE,0.074681,1396090000,4
DOPD_MOUSE,0.041037,14547300000,7
DPEP1_MOUSE,0.080106,472791000,3
DPP3_MOUSE,0.036918,51660700,1
DPYL2_MOUSE,0.043959,9959480000,12
DPYL3_MOUSE,0.06087,39170400,1
DRS7C_MOUSE,0.040114,592432000,2
DSC2_MOUSE,0.037001,1040870000,2
DSG2_MOUSE,0.030684,2182690000,10
DTNA_MOUSE,0.023192,581861000,4
DUS3_MOUSE,0.057466,5154630000,6
DX39B_MOUSE,1.538576,210491000,1
DYHC1_MOUSE,0.08091,16322200000,31
DYL1_MOUSE,0.10266,199183000,2
DYL2_MOUSE,0.10858,532241000,3
DYSF_MOUSE,0.034849,19788300000,10
ECH1_MOUSE,0.119725,92192400000,22
ECHA_MOUSE,0.024366,1345520000000,82
ECHB_MOUSE,0.0447,833005000000,68
ECHD2_MOUSE,0.025318,933039000,4
ECHD3_MOUSE,0.033143,3833940000,2
ECHM_MOUSE,0.021287,162072000000,28
ECI1_MOUSE,0.022815,203152000000,23
ECI2_MOUSE,0.02652,38874200000,15
ECSIT_MOUSE,1.163994,429898000,2
EDEM1_MOUSE,0.044452,288337000,1
EF1A1_MOUSE,0.063701,128863000000,14
EF1A2_MOUSE,0.056785,60958700000,16
EF1B_MOUSE,0.114397,1733020000,1
EF1D_MOUSE,0.112036,2083930000,5
EF1G_MOUSE,0.072333,5985590000,7
EF2_MOUSE,0.096477,52801000000,35
EFGM_MOUSE,0.104864,5517060000,10
EFTS_MOUSE,0.023114,2238040000,6
EFTU_MOUSE,0.025609,133874000000,43
EHD1_MOUSE,0.055422,13709700000,20
EHD2_MOUSE,0.033541,16630100000,18
EHD3_MOUSE,0.994465,3066540000,2
EHD4_MOUSE,0.156593,13292200000,12
EI3JA_MOUSE,0.825842,327057000,2
EIF3A_MOUSE,0.212424,123670000,2
EIF3B_MOUSE,0.066676,164605000,2
EIF3C_MOUSE,0.37308,145800000,1
EIF3D_MOUSE,0.054839,555470000,1
EIF3E_MOUSE,0.055854,77387800,1
EIF3H_MOUSE,0.086616,92377100,1
EIF3I_MOUSE,0.025252,905902000,1
EIF3L_MOUSE,0.047103,76453000,2
ELN_MOUSE,0.030428,270687000,1
ELOC_MOUSE,0.086191,443221000,3
EMAL1_MOUSE,0.282123,500783000,2
EMAL2_MOUSE,0.077243,2141510000,4
EMC1_MOUSE,0.122986,60838500,2
ENOA_MOUSE,0.040035,204232000000,28
ENOB_MOUSE,0.051187,188802000000,21
ENOG_MOUSE,0.071078,722628000,2
ENPL_MOUSE,0.134028,14711900000,16
ENSA_MOUSE,0.12716,642290000,1
EPB41_MOUSE,0.056621,77200700,2
ERLN2_MOUSE,0.019116,69241000,1
EST1C_MOUSE,0.379956,5290530000,7
EST1D_MOUSE,0.096178,2603890000,5
ESTD_MOUSE,0.049859,13250100000,8
ESYT1_MOUSE,0.063396,247697000,4
ETFA_MOUSE,0.024531,694264000000,34
ETFB_MOUSE,0.025855,483826000000,26
ETFD_MOUSE,0.020884,265904000000,42
ETHE1_MOUSE,0.021835,7293560000,10
EZRI_MOUSE,0.077428,8578530000,7
F10A1_MOUSE,0.187399,1280790000,3
F13A_MOUSE,0.029886,221849000,1
F162A_MOUSE,0.036261,10679000000,6
F16P2_MOUSE,0.060671,1686590000,3
F210A_MOUSE,0.481808,2208760000,2
FAAA_MOUSE,0.037679,2095190000,7
FABD_MOUSE,0.022083,82818600,1
FABP4_MOUSE,0.054212,319820000000,15
FABP5_MOUSE,0.048817,5003800000,5
FABPH_MOUSE,0.037798,1177680000000,15
FAD1_MOUSE,0.028179,733494000,1
FAHD1_MOUSE,0.038209,3826390000,6
FAHD2_MOUSE,0.024306,4321270000,6
FAKD4_MOUSE,0.068174,62986800,1
FBLI1_MOUSE,0.111914,310167000,3
FBLN5_MOUSE,0.068539,331082000,1
FBN1_MOUSE,0.000613,62775300000,48
FERM2_MOUSE,0.056742,3961680000,8
FETUA_MOUSE,0.843206,3292180000,3
FETUB_MOUSE,0.111332,178410000,1
FHL1_MOUSE,0.086792,3954380000,6
FHL2_MOUSE,0.091795,84735900000,19
FIBA_MOUSE,0.39869,7769190000,5
FIBB_MOUSE,0.449026,6617540000,8
FIBG_MOUSE,0.397898,12778600000,12
FINC_MOUSE,0.946462,522899000,3
FIS1_MOUSE,0.04937,4631070000,5
FITM1_MOUSE,0.060485,1076990000,2
FKB1A_MOUSE,0.068568,8172000000,3
FKBP3_MOUSE,0.196735,2634570000,4
FKBP4_MOUSE,0.075945,3442140000,3
FLNA_MOUSE,0.109632,4561830000,14
FLNB_MOUSE,0.042497,557160000,3
FLNC_MOUSE,0.083614,49816700000,44
FLOT1_MOUSE,0.071623,90214300,2
FLOT2_MOUSE,0.034931,27540100,1
FN3K_MOUSE,0.11218,188785000,2
FRDA_MOUSE,0.04305,5315550000,5
FRIH_MOUSE,0.083678,4612950000,5
FRIL1_MOUSE,0.034143,3404440000,2
FSCN1_MOUSE,0.180075,29529900,1
FSD2_MOUSE,0.139881,141504000,1
FUMH_MOUSE,0.022901,296064000000,48
FUS_MOUSE,0.093494,722837000,2
FXR1_MOUSE,0.614314,667214000,3
G3BP1_MOUSE,0.066814,639689000,2
G3P_MOUSE,0.060298,960717000000,46
G6PI_MOUSE,0.05331,53140200000,24
GABT_MOUSE,0.017581,125490000,1
GAL3A_MOUSE,0.025926,144146000000,19
GALM_MOUSE,0.023293,257903000,2
GARS_MOUSE,0.108177,314855000,3
GBB1_MOUSE,0.056506,9145380000,9
GBB2_MOUSE,0.125829,5386880000,11
GBG12_MOUSE,0.029784,100059000,1
GCAB_MOUSE,0.065191,15472900000,8
GCDH_MOUSE,0.02896,9610780000,13
GCSH_MOUSE,0.013214,51065400,1
GDIA_MOUSE,0.056622,2912130000,10
GDIB_MOUSE,0.06664,9105920000,13
GDIR1_MOUSE,0.053131,5517510000,6
GELS_MOUSE,0.248156,3588910000,3
GET3_MOUSE,0.095891,264662000,2
GHC1_MOUSE,0.163747,120490000,1
GIMA4_MOUSE,0.03514,101858000,1
GLGB_MOUSE,0.025937,134733000,2
GLO2_MOUSE,0.055922,661925000,3
GLOD4_MOUSE,0.043025,13889100000,8
GLPK_MOUSE,0.026537,1670820000,7
GLRX1_MOUSE,0.035696,969181000,1
GLRX3_MOUSE,0.07957,2089240000,4
GLRX5_MOUSE,0.049686,3644700000,4
GLSK_MOUSE,0.10357,94703200,1
GLUCM_MOUSE,0.030769,8181980000,14
GLUT4_MOUSE,0.205217,991476000,3
GLYG_MOUSE,0.066878,4130170000,5
GLYM_MOUSE,0.090179,1791000000,5
GMPR1_MOUSE,0.122518,728097000,2
GNA11_MOUSE,0.000697,53347700,1
GNAI2_MOUSE,0.075848,6008410000,13
GNAL_MOUSE,0.142715,131832000,1
GNAS1_MOUSE,0.127706,349768000,2
GNPAT_MOUSE,0.337691,17011100,1
GORS2_MOUSE,0.075229,58185500,1
GPCP1_MOUSE,0.140634,118904000,1
GPD1L_MOUSE,0.04838,5016170000,8
GPDA_MOUSE,0.09064,1744590000,4
GPDM_MOUSE,0.017656,953919000,2
GPSM1_MOUSE,0.444998,57953000,1
GPX1_MOUSE,0.034198,2700040000,5
GPX3_MOUSE,0.176261,1748870000,3
GPX4_MOUSE,3.683265,3970340000,3
GRB2_MOUSE,0.43655,545744000,2
GRHPR_MOUSE,0.038984,3998870000,7
GRP75_MOUSE,0.061054,139836000000,40
GRPE1_MOUSE,0.118677,2674450000,5
GSHR_MOUSE,0.025173,389462000,2
GSK3A_MOUSE,0.066914,1079740,1
GSTA4_MOUSE,0.039186,8972870000,8
GSTK1_MOUSE,0.025569,8537830000,7
GSTM1_MOUSE,0.053765,113776000000,15
GSTM2_MOUSE,0.06017,34108300000,15
GSTM5_MOUSE,0.055863,917168000,3
GSTM7_MOUSE,0.050516,629855000,3
GSTO1_MOUSE,0.052321,17964200000,8
GSTP1_MOUSE,0.053021,27862900000,12
GSTT1_MOUSE,0.102512,102127000,1
GUAD_MOUSE,0.00012,79367200,1
GYS1_MOUSE,0.10804,4780560000,8
H10_MOUSE,0.012601,10555400000,3
H12_MOUSE,0.014227,54952500000,6
H14_MOUSE,0.007052,13479000000,1
H15_MOUSE,0.008306,1315010000,2
H2A2B_MOUSE,0.009508,107431000000,12
H2AV_MOUSE,0.026204,149875000,2
H2AY_MOUSE,0.020103,752247000,3
H2AZ_MOUSE,0.029609,270351000,2
H2B1B_MOUSE,0.00697,240074000000,13
H31_MOUSE,0.005566,42976100000,5
H32_MOUSE,0.001255,13122100000,4
H3C_MOUSE,0.000287,11993300000,3
H4_MOUSE,0.007301,146867000000,9
HA10_MOUSE,0.417089,217208000,2
HA1L_MOUSE,0.450681,58307200,1
HBA_MOUSE,0.018915,3081220000000,31
HBB1_MOUSE,0.020054,2956770000000,32
HCD2_MOUSE,0.016952,34370700000,18
HCDH_MOUSE,0.020445,328426000000,37
HDGR2_MOUSE,0.048372,119867000,1
HDHD2_MOUSE,0.029004,1078150000,2
HDHD3_MOUSE,0.051027,7119900,1
HDHD5_MOUSE,0.016307,107008000,2
HEM2_MOUSE,0.09644,586425000,2
HEM6_MOUSE,11.071375,1058840000,1
HEMH_MOUSE,0.056053,1787520000,5
HEMO_MOUSE,0.251373,14608500000,7
HHATL_MOUSE,0.026485,9995260000,13
HIBCH_MOUSE,0.01841,32983500000,26
HINT1_MOUSE,0.049136,7009530000,6
HINT2_MOUSE,0.060855,7156430000,5
HMGB1_MOUSE,0.05843,1608840000,1
HMGCL_MOUSE,0.047486,3850740000,7
HMOX2_MOUSE,0.061976,136967000,1
HNRH1_MOUSE,0.125869,1930210000,5
HNRH2_MOUSE,0.112387,303057000,3
HNRPC_MOUSE,0.128382,1875450000,2
HNRPD_MOUSE,0.081253,2157100000,4
HNRPF_MOUSE,0.114428,156821000,1
HNRPK_MOUSE,0.140805,8195630000,12
HNRPL_MOUSE,0.098846,1406990000,3
HNRPM_MOUSE,0.08269,7849000000,11
HNRPQ_MOUSE,1.00938,4481940000,6
HNRPU_MOUSE,0.103961,450131000,3
HOT_MOUSE,0.075453,399964000,4
HP1B3_MOUSE,0.569783,2462250000,3
HRG_MOUSE,0.380739,638071000,3
HS12B_MOUSE,0.166174,1555060000,3
HS74L_MOUSE,0.056809,991758000,4
HS90A_MOUSE,0.117644,30748100000,18
HS90B_MOUSE,0.117239,43807100000,19
HSC20_MOUSE,0.013086,40532200,1
HSDL2_MOUSE,0.044708,27239900000,19
HSP74_MOUSE,0.079345,6453380000,13
HSP7C_MOUSE,0.085596,184705000000,36
HSPB1_MOUSE,0.106899,31560700000,13
HSPB2_MOUSE,0.057357,2642000000,3
HSPB6_MOUSE,0.149409,10630000000,6
HSPB7_MOUSE,0.846813,7511940000,6
HSPB8_MOUSE,0.115119,1960490000,1
HTAI2_MOUSE,0.016145,109889000,2
HTRA2_MOUSE,0.013169,1375070000,5
HVM51_MOUSE,0.068545,479090000,1
HXK1_MOUSE,0.031331,35830500000,28
HXK2_MOUSE,0.111637,8542250000,15
HYEP_MOUSE,0.069616,291913000,1
HYES_MOUSE,0.06382,41338600000,25
I5P1_MOUSE,0.555827,152093000,1
IAH1_MOUSE,0.029061,71079600,1
ICA_MOUSE,0.028894,95242400,1
IDH3A_MOUSE,0.022012,347813000000,36
IDHC_MOUSE,0.064751,77286500000,10
IDHG1_MOUSE,0.044392,76895300000,24
IDHP_MOUSE,0.023667,1379590000000,58
IF2A_MOUSE,0.100651,141548000,1
IF2M_MOUSE,0.034601,89761300,1
IF4A1_MOUSE,0.162919,4216600000,6
IF4A2_MOUSE,0.846137,959107000,5
IF4E_MOUSE,0.08483,141514000,1
IF4G1_MOUSE,0.31641,117440000,1
IF4H_MOUSE,0.010911,1220840000,1
IF5A1_MOUSE,0.126814,8979910000,6
IF5_MOUSE,0.23875,244342000,2
IGG2B_MOUSE,0.064941,4892180000,4
IGH1M_MOUSE,0.047291,595836000,1
IGHM_MOUSE,0.178096,10031100000,11
IGKC_MOUSE,0.14869,6232860000,2
ILK_MOUSE,0.061304,5839970000,5
IMA3_MOUSE,0.134603,1083760000,2
IMB1_MOUSE,0.135841,944407000,5
IMPA1_MOUSE,0.030737,194472000,1
INO1_MOUSE,0.000637,425279000,1
IPIL2_MOUSE,0.000102,1222510000,1
IPO5_MOUSE,0.059045,512073000,2
IPYR2_MOUSE,0.029866,25144400000,17
IPYR_MOUSE,0.082662,2205320000,5
IRGM1_MOUSE,0.031876,95820200,2
ISC2A_MOUSE,0.033358,7315090000,7
ISCA2_MOUSE,0.075392,3705870000,3
ISOC1_MOUSE,0.053325,1086690000,3
ITA6_MOUSE,0.014151,103625000,1
ITA7_MOUSE,0.070192,4817870000,10
ITB1_MOUSE,0.085805,3554650000,4
ITIH1_MOUSE,0.005847,341228000,1
ITIH2_MOUSE,0.213225,182742000,2
ITIH4_MOUSE,0.905776,194392000,2
ITPA_MOUSE,0.029421,249486000,1
IVD_MOUSE,0.02417,91156900000,28
JPH2_MOUSE,0.053545,3560050000,9
K1C14_MOUSE,0.028936,4921870000,4
K1C16_MOUSE,0.091267,367711000,2
K1C17_MOUSE,0.327062,1906020000,3
K22O_MOUSE,0.000351,1335030000,1
K2C75_MOUSE,0.463459,126009000,2
KAD1_MOUSE,0.043961,170583000000,22
KAD2_MOUSE,0.017546,20309900000,8
KAD3_MOUSE,0.026578,9681710000,10
KAD4_MOUSE,0.01787,4794420000,7
KANK2_MOUSE,0.36697,695529000,2
KAP0_MOUSE,0.266971,682623000,2
KAP2_MOUSE,0.037375,1317300000,4
KAPCA_MOUSE,0.203851,3719840000,6
KAT1_MOUSE,0.022334,380041000,2
KAT3_MOUSE,0.015431,9188930000,9
KCC2A_MOUSE,0.043907,387724000,3
KCC2D_MOUSE,0.120458,2624380000,9
KCJ11_MOUSE,0.024041,82036600,1
KCNU1_MOUSE,0.085474,45158900,1
KCRB_MOUSE,0.028561,194451000000,17
KCRM_MOUSE,0.045524,680527000000,36
KCRS_MOUSE,0.030956,1079200000000,56
KCY_MOUSE,0.088196,1265570000,2
KGP1_MOUSE,0.051548,9115150,1
KIF5A_MOUSE,1.259812,129099000,2
KINH_MOUSE,0.100764,666923000,7
KLH41_MOUSE,0.133473,1257160000,5
KNG1_MOUSE,0.73234,605336000,3
KPYM_MOUSE,0.073341,199365000000,47
KS6B2_MOUSE,0.060074,8291180000,1
KTN1_MOUSE,0.054748,186860000,1
KV2A7_MOUSE,0.091602,375567000,1
KV5AB_MOUSE,0.055921,354924000,1
KV6AB_MOUSE,0.061899,218371000,1
L2HDH_MOUSE,0.015962,1065250000,3
LACTB_MOUSE,0.027568,156013000,1
LAMA2_MOUSE,0.00917,150341000000,80
LAMA4_MOUSE,0.048128,2639510000,10
LAMA5_MOUSE,0.023986,2666080000,13
LAMB1_MOUSE,0.013812,24778700000,37
LAMB2_MOUSE,0.010321,241576000000,40
LAMC1_MOUSE,0.012198,70235100000,54
LAMP1_MOUSE,0.33217,1139500000,2
LAMP2_MOUSE,0.225908,329723000,1
LANC1_MOUSE,5.7E-05,104758000,1
LAP2B_MOUSE,0.00585,425897000,4
LASP1_MOUSE,0.051382,3439770000,2
LA_MOUSE,0.408261,58889600,1
LBR_MOUSE,3.2E-05,118959000,1
LCAP_MOUSE,0.067318,520646000,3
LDB3_MOUSE,0.044523,253178000000,44
LDHA_MOUSE,0.072834,59099400000,15
LDHB_MOUSE,0.081931,237489000000,26
LDHD_MOUSE,0.119441,320943000,1
LEG1_MOUSE,0.064357,21199000000,6
LETM1_MOUSE,0.019069,6525080000,16
LGAT1_MOUSE,0.030308,20068800,1
LGR6_MOUSE,0.036533,103215000,1
LGUL_MOUSE,0.059716,6782660000,7
LIMC1_MOUSE,0.113907,1332740000,2
LIMS1_MOUSE,0.031459,3945540000,2
LIPL_MOUSE,3.322353,2335700000,5
LIPS_MOUSE,0.865286,44354800,1
LIPT_MOUSE,0.018542,16614300,1
LIS1_MOUSE,0.333782,770293000,3
LKHA4_MOUSE,0.044902,616903000,2
LMAN1_MOUSE,0.025837,213064000,1
LMAN2_MOUSE,0.118628,146744000,1
LMCD1_MOUSE,0.085985,117792000,1
LMF2_MOUSE,0.081434,23948200,1
LMNA_MOUSE,0.029349,75957800000,23
LMNB1_MOUSE,0.00986,5063670000,13
LMNB2_MOUSE,0.007322,355000000,4
LMOD2_MOUSE,0.089283,942868000,2
LNEBL_MOUSE,0.02538,3340970000,7
LONM_MOUSE,0.030891,24154900000,18
LPPRC_MOUSE,0.056539,33189900000,42
LPP_MOUSE,0.015288,80913400,2
LRC59_MOUSE,0.085183,5550690000,1
LRIQ1_MOUSE,0.027518,187389000,1
LTOR1_MOUSE,0.080967,202599000,1
LTOR3_MOUSE,0.198817,99801600,1
LTOR5_MOUSE,0.027733,80815800,1
LUM_MOUSE,0.02899,6248380000,11
LY6C1_MOUSE,0.013126,55961800,1
LYPA1_MOUSE,0.040187,28039800000,6
LYRM7_MOUSE,0.029525,459616000,1
M2OM_MOUSE,0.024224,88505100000,21
M3K20_MOUSE,0.192388,262098000,3
MAAI_MOUSE,0.028889,7529250000,7
MACD1_MOUSE,0.03292,24099500000,10
MAIP1_MOUSE,0.027105,777212000,2
MAON_MOUSE,0.022823,4098400000,10
MAOX_MOUSE,0.062741,1352950000,5
MAP2_MOUSE,0.075006,139839000,1
MAP4_MOUSE,0.101767,2184650000,3
MARC2_MOUSE,0.046404,127517000,1
MATR3_MOUSE,0.209915,138270000,1
MAVS_MOUSE,0.069246,405833000,3
MCAT_MOUSE,0.022722,15197600000,8
MCCA_MOUSE,0.026106,24716600000,19
MCCB_MOUSE,0.020138,22181500000,23
MCEE_MOUSE,0.038208,6491680000,4
MDHC_MOUSE,0.051373,572758000000,31
MDHM_MOUSE,0.020623,1782050000000,44
MECP2_MOUSE,0.018349,440056000,3
MECR_MOUSE,0.006273,2061720000,3
METK2_MOUSE,0.301692,741731000,2
MFAP4_MOUSE,0.001834,1595950000,2
MFAP5_MOUSE,0.008377,63557000,1
MFF_MOUSE,0.112277,154662000,2
MFN1_MOUSE,0.219722,1286440000,4
MGDP1_MOUSE,0.040931,2448070000,7
MGLL_MOUSE,0.11306,135740000,1
MGST1_MOUSE,0.054852,1310070000,1
MGST3_MOUSE,0.031064,25521300000,8
MIA40_MOUSE,0.00985,90831100,1
MIC10_MOUSE,0.01503,1343810000,2
MIC13_MOUSE,0.026878,10826300000,7
MIC19_MOUSE,0.019777,49565000000,7
MIC25_MOUSE,0.022294,132166000,2
MIC26_MOUSE,0.025597,14767500000,5
MIC27_MOUSE,0.018587,14539000000,13
MIC60_MOUSE,0.020747,174589000000,45
MIEN1_MOUSE,0.034413,79440100,1
MIF_MOUSE,0.038973,20071300000,5
MIME_MOUSE,0.125963,673948000,4
MIPEP_MOUSE,0.008123,770014000,1
MIRO1_MOUSE,0.026276,50872600,1
MITOK_MOUSE,0.029789,52143100,2
MITOS_MOUSE,0.0298,6221870000,8
MIX23_MOUSE,0.006333,577878000,2
ML12B_MOUSE,0.207397,3007420000,6
MLRV_MOUSE,0.048343,2059030000000,40
MMAA_MOUSE,0.02882,685766000,3
MMAB_MOUSE,0.024042,66604600,1
MMSA_MOUSE,0.026798,87180500000,36
MOES_MOUSE,0.075574,14362300000,16
MOT1_MOUSE,0.06833,4810740000,4
MP2K1_MOUSE,0.174796,120819000,1
MPC1_MOUSE,0.035532,10049500000,7
MPC2_MOUSE,0.025115,15145900000,9
MPCP_MOUSE,0.025653,486045000000,19
MPI_MOUSE,0.056979,3493690000,6
MPPA_MOUSE,0.074189,5165410000,8
MPPB_MOUSE,0.155691,859800000,3
MPV17_MOUSE,0.031636,210053000,1
MRES1_MOUSE,0.085583,886484000,1
MSI2H_MOUSE,0.03472,327238000,2
MSRA_MOUSE,0.042654,2199460000,4
MSRB2_MOUSE,0.0329,223412000000,4
MSRB3_MOUSE,0.216891,169374000,1
MTAP_MOUSE,0.048709,202739000,2
MTCH1_MOUSE,0.017383,577087000,2
MTCH2_MOUSE,0.023608,13469100000,9
MTFP1_MOUSE,0.036164,5501280000,4
MTNB_MOUSE,0.098299,1560080000,4
MTPN_MOUSE,0.21356,72662900,1
MTX1_MOUSE,0.010612,5443290000,4
MTX2_MOUSE,0.018408,4596390000,8
MUG1_MOUSE,0.279809,6048520000,12
MUTA_MOUSE,0.073233,9155450000,9
MVP_MOUSE,0.01748,35612500,1
MY18A_MOUSE,2.611862,188949000,1
MYADM_MOUSE,0.050966,722917000,1
MYG_MOUSE,0.038928,1629760000000,58
MYH11_MOUSE,0.047562,41319700000,17
MYH14_MOUSE,0.111632,80628500,2
MYH6_MOUSE,0.057526,13997700000000,395
MYH7_MOUSE,0.068026,40219500000,19
MYH9_MOUSE,0.091965,3940560000,11
MYL1_MOUSE,0.024933,95235600000,2
MYL3_MOUSE,0.048431,2583650000000,34
MYL6_MOUSE,0.105824,124974000000,7
MYL9_MOUSE,0.197261,246726000,3
MYLK3_MOUSE,0.172917,1833240000,5
MYO1C_MOUSE,0.032085,19015500000,11
MYOM1_MOUSE,0.064287,251621000000,101
MYOTI_MOUSE,0.082971,2163560000,7
MYOZ2_MOUSE,0.035446,90289900000,18
MYPC3_MOUSE,0.057489,921831000000,106
MYPN_MOUSE,1.164775,84845400,1
MYPT2_MOUSE,0.070709,1059490000,5
MYZAP_MOUSE,0.961512,379793000,3
NAC1_MOUSE,0.149253,2681860000,5
NACAM_MOUSE,0.119849,29125600000,27
NAGAB_MOUSE,0.043285,38367800,1
NAKD2_MOUSE,0.012275,483642000,2
NAMPT_MOUSE,0.116708,7328350000,10
NAR3_MOUSE,0.100288,830486000,4
NB5R1_MOUSE,0.033677,229659000,1
NB5R3_MOUSE,0.090301,6958990000,7
NCEH1_MOUSE,0.103478,5263010000,6
NCPR_MOUSE,0.612416,285926000,2
NDKA_MOUSE,0.047587,31167600000,9
NDKB_MOUSE,0.0655,34740700000,13
NDRG2_MOUSE,0.128201,48425700000,14
NDUA1_MOUSE,0.014274,2352780000,2
NDUA2_MOUSE,0.03664,46368600000,3
NDUA3_MOUSE,0.014954,14615500000,2
NDUA4_MOUSE,0.04668,210494000000,4
NDUA5_MOUSE,0.030749,68985800000,9
NDUA6_MOUSE,0.033324,60102300000,8
NDUA7_MOUSE,0.028072,44392100000,6
NDUA8_MOUSE,0.023882,56595200000,15
NDUA9_MOUSE,0.030492,76703700000,25
NDUAA_MOUSE,0.030032,151443000000,29
NDUAB_MOUSE,0.038738,13914600000,3
NDUAC_MOUSE,0.030429,30506800000,10
NDUAD_MOUSE,0.025549,127168000000,12
NDUB1_MOUSE,0.023337,4106840000,4
NDUB3_MOUSE,0.02059,16089200000,4
NDUB4_MOUSE,0.022436,40642500000,4
NDUB5_MOUSE,0.025491,15594800000,4
NDUB6_MOUSE,1.294726,314549000000,3
NDUB7_MOUSE,0.026684,33232200000,10
NDUB8_MOUSE,0.020461,81518100000,10
NDUB9_MOUSE,0.022104,85995300000,12
NDUBA_MOUSE,0.023827,102126000000,14
NDUBB_MOUSE,0.022057,34603300000,5
NDUC2_MOUSE,0.02009,48150800000,12
NDUF2_MOUSE,0.02937,1423740000,4
NDUF3_MOUSE,0.048034,1645700000,5
NDUF4_MOUSE,0.024674,1640300000,2
NDUF5_MOUSE,0.012801,21273200,2
NDUF7_MOUSE,0.048379,41667600,1
NDUS1_MOUSE,0.030412,411891000000,55
NDUS2_MOUSE,0.033179,461565000000,38
NDUS3_MOUSE,0.029777,143633000000,17
NDUS4_MOUSE,0.024682,55183500000,9
NDUS5_MOUSE,0.020316,44436100000,7
NDUS6_MOUSE,0.050816,43622300000,9
NDUS7_MOUSE,0.048988,27535400000,12
NDUS8_MOUSE,0.021604,62781200000,9
NDUV1_MOUSE,0.036372,193591000000,28
NDUV2_MOUSE,0.028735,90320100000,20
NDUV3_MOUSE,0.031957,23911100000,6
NEBL_MOUSE,0.026834,31095700000,16
NEDD4_MOUSE,0.57079,63683700,1
NEXN_MOUSE,0.271986,1632170000,4
NFU1_MOUSE,0.030971,408358000,1
NHLC2_MOUSE,0.277569,278112000,2
NHRF2_MOUSE,0.136073,427087000,2
NID1_MOUSE,0.021491,57940700000,39
NID2_MOUSE,45.734995,1105250000,7
NIPS2_MOUSE,0.024265,227761000000,32
NIT1_MOUSE,0.035083,698196000,5
NIT2_MOUSE,0.03163,5875270000,10
NLRX1_MOUSE,0.017186,556637000,3
NMNA3_MOUSE,0.012331,470852000,2
NMT1_MOUSE,0.408901,789193000,2
NNRD_MOUSE,0.028731,2515610000,5
NNRE_MOUSE,0.015155,3639740000,4
NNTM_MOUSE,0.02109,722091000000,73
NOL3_MOUSE,0.093884,1913660000,5
NONO_MOUSE,0.111347,1077400000,3
NP1L1_MOUSE,0.170601,190679000,1
NP1L4_MOUSE,0.15549,814069000,2
NPC2_MOUSE,1.1E-05,33727400,1
NPL4_MOUSE,1.5E-05,152790000,1
NPM_MOUSE,0.140105,850031000,4
NQO1_MOUSE,0.081172,11213100000,7
NQO2_MOUSE,0.047934,16421100000,5
NRAP_MOUSE,0.369269,271352000,3
NSF1C_MOUSE,0.051994,1725090000,4
NSF_MOUSE,0.089075,211483000,1
NTF2_MOUSE,0.055835,2869400000,4
NU1M_MOUSE,0.021578,26766400000,10
NU2M_MOUSE,0.015953,1944740000,1
NU3M_MOUSE,0.02571,6003110000,1
NU4M_MOUSE,0.021076,14527000000,10
NU5M_MOUSE,0.022367,86714600000,15
NUBPL_MOUSE,0.054322,717170000,2
NUCG_MOUSE,0.080763,789722000,1
NUCL_MOUSE,0.174957,2417790000,7
NUD13_MOUSE,0.00045,134943000,2
NUDC_MOUSE,0.029519,98105600,1
NUDT7_MOUSE,0.079659,277376000,1
NUDT8_MOUSE,0.046332,437383000,3
OAT_MOUSE,0.11711,9032350000,10
OBSCN_MOUSE,0.044267,50778800000,78
OCAD1_MOUSE,0.088218,1875510000,5
ODB2_MOUSE,0.025776,53714500000,16
ODBA_MOUSE,0.106195,6690860000,8
ODBB_MOUSE,0.037834,22480700000,11
ODO1_MOUSE,0.064394,513273000000,86
ODO2_MOUSE,0.017527,165978000000,28
ODP2_MOUSE,0.019696,215138000000,35
ODPA_MOUSE,0.025414,254422000000,31
ODPB_MOUSE,0.024996,325910000000,48
ODPX_MOUSE,0.019952,26482300000,15
OLA1_MOUSE,0.05525,1658360000,5
OPA1_MOUSE,0.031962,18324000000,31
OPLA_MOUSE,0.096938,2121050000,7
OSBL1_MOUSE,1.748159,44487700,1
OST48_MOUSE,0.07106,254558000,2
OTUB1_MOUSE,0.102715,1254800000,3
OX2G_MOUSE,0.085323,106578000,1
OXND1_MOUSE,0.038963,2844030000,5
OXSM_MOUSE,0.025018,357425000,4
P20D2_MOUSE,0.008113,3745470000,6
PA2G4_MOUSE,0.072114,439427000,2
PABP1_MOUSE,0.057365,448423000,2
PACN2_MOUSE,0.168357,2798670000,3
PACN3_MOUSE,0.104548,1692980000,4
PALLD_MOUSE,0.110356,323101000,2
PALMD_MOUSE,0.03667,6611690000,3
PARK7_MOUSE,0.0433,27717100000,13
PARVB_MOUSE,0.058681,575920000,2
PCBP1_MOUSE,0.144776,4061510000,9
PCBP2_MOUSE,0.150909,883827000,4
PCCA_MOUSE,0.023331,35234400000,23
PCCB_MOUSE,0.022491,29171400000,22
PCY2_MOUSE,0.101307,103655000,1
PDC6I_MOUSE,0.057304,975793000,6
PDCD5_MOUSE,0.087342,5900330000,3
PDCD6_MOUSE,1.468977,203627000,1
PDIA1_MOUSE,0.103451,9962070000,11
PDIA3_MOUSE,0.11384,7352570000,13
PDIA6_MOUSE,0.085579,558265000,3
PDK1_MOUSE,0.030121,3102250000,5
PDK2_MOUSE,0.111327,6098550000,8
PDK4_MOUSE,0.088923,250235000,2
PDLI1_MOUSE,0.078168,780307000,3
PDLI5_MOUSE,0.077092,43732000000,10
PDP1_MOUSE,0.041969,455732000,2
PDPR_MOUSE,0.117706,642881000,4
PDXK_MOUSE,0.047146,352423000,2
PEA15_MOUSE,0.137052,559082000,2
PEBP1_MOUSE,0.045997,74434200000,14
PECA1_MOUSE,1.259812,1271040,1
PERM1_MOUSE,0.080538,1593370000,4
PFKAL_MOUSE,0.131928,7260650000,6
PFKAM_MOUSE,0.127051,59679200000,32
PGAM1_MOUSE,0.045433,42514600000,13
PGAM2_MOUSE,0.047,87430600000,12
PGBM_MOUSE,0.042353,73064200000,77
PGES2_MOUSE,0.04789,3830570000,6
PGK1_MOUSE,0.040486,131588000000,32
PGM1_MOUSE,0.046358,29063100000,22
PGM5_MOUSE,0.080716,5535590000,8
PGP_MOUSE,0.040983,1658060000,5
PGRC2_MOUSE,0.064933,151066000,1
PGS1_MOUSE,0.098374,1544700000,3
PGS2_MOUSE,0.122232,3898030000,4
PHB2_MOUSE,0.023709,58188500000,20
PHB_MOUSE,0.024923,57697200000,20
PHLB2_MOUSE,5.627395,43769500,1
PHP14_MOUSE,0.046604,3230240000,5
PICAL_MOUSE,0.022168,73537300,1
PIMT_MOUSE,0.062004,18297400000,9
PIN1_MOUSE,0.003265,2183630000,2
PIPNA_MOUSE,0.071922,188576000,1
PLAK_MOUSE,0.051881,65675400000,22
PLBL1_MOUSE,0.014963,261848000,1
PLCC_MOUSE,0.080724,256946000,2
PLEC_MOUSE,0.057286,61755000000,77
PLIN2_MOUSE,1.259812,650065000,1
PLIN3_MOUSE,0.11713,4840540000,11
PLIN4_MOUSE,0.083097,11515500000,12
PLIN5_MOUSE,0.065305,90520400,1
PLMN_MOUSE,0.890437,742626000,4
PLM_MOUSE,0.072079,3463710000,2
PLPHP_MOUSE,1.921255,8303550000,3
PLPL8_MOUSE,0.134893,85376400,1
PLSL_MOUSE,0.077362,61574900,1
PLST_MOUSE,0.070491,252249000,2
PMM2_MOUSE,0.028368,436365000,1
PNPH_MOUSE,0.049165,40687200,1
PNPT1_MOUSE,0.045928,1412110000,4
PON3_MOUSE,0.656801,49230900,1
POPD1_MOUSE,0.033684,361339000,2
POPD2_MOUSE,0.138277,569963000,1
PP1A_MOUSE,0.236713,1488610000,7
PP1B_MOUSE,0.180195,4403410000,8
PP1R7_MOUSE,0.06923,223832000,2
PP2AA_MOUSE,0.094031,8017870000,9
PP2BB_MOUSE,3.004558,1046630000,2
PPA6_MOUSE,0.008193,124947000,1
PPAC_MOUSE,0.036952,1075230000,4
PPBT_MOUSE,0.066557,15675500,1
PPCE_MOUSE,0.03437,295510000,2
PPGB_MOUSE,0.559018,69003300,1
PPIA_MOUSE,0.055847,28775600000,11
PPIB_MOUSE,0.506071,1162780000,2
PPID_MOUSE,0.263796,143580000,1
PPIF_MOUSE,0.026203,34449600000,13
PPLA_MOUSE,0.123465,37531600000,3
PPM1A_MOUSE,4.917527,353245000,2
PPM1B_MOUSE,0.022127,140499000,1
PPN_MOUSE,0.026331,1535660000,4
PPP5_MOUSE,0.097612,7666480,1
PPR3A_MOUSE,0.138086,1347890000,4
PPT1_MOUSE,0.005937,158460000,1
PPTC7_MOUSE,0.161526,222490000,3
PRAF3_MOUSE,0.093964,1091240000,1
PRAX_MOUSE,0.024051,714783000,1
PRDX1_MOUSE,0.074468,55866800000,12
PRDX2_MOUSE,0.064074,54134900000,10
PRDX3_MOUSE,0.020485,154134000000,22
PRDX5_MOUSE,0.030941,173129000000,15
PRDX6_MOUSE,0.053644,41840600000,13
PREP_MOUSE,0.056594,1058280000,3
PROF1_MOUSE,0.074282,25858600000,9
PRPS1_MOUSE,0.079025,97413200,1
PRS10_MOUSE,0.102156,705895000,4
PRS4_MOUSE,0.051013,1645030000,2
PRS6A_MOUSE,0.738156,694644000,4
PRS6B_MOUSE,0.029128,530255000,1
PRS7_MOUSE,0.114106,1000560000,3
PRS8_MOUSE,0.413749,493759000,3
PRUN1_MOUSE,0.528261,71342600,1
PSA1_MOUSE,0.116022,1339500000,5
PSA2_MOUSE,0.09327,1763410000,6
PSA3_MOUSE,0.145369,4071010000,3
PSA4_MOUSE,0.06161,2202400000,4
PSA5_MOUSE,0.089604,3230820000,5
PSA6_MOUSE,0.083792,5407860000,7
PSA7_MOUSE,0.088982,2038020000,4
PSA_MOUSE,0.066713,8009260000,13
PSB1_MOUSE,0.068742,964363000,3
PSB2_MOUSE,0.046914,2114170000,3
PSB3_MOUSE,0.08462,6943050000,4
PSB4_MOUSE,0.078106,1149230000,3
PSB5_MOUSE,0.081589,2642430000,3
PSB6_MOUSE,0.092795,566050000,2
PSB7_MOUSE,0.016723,139160000,2
PSD11_MOUSE,0.14469,1305930000,5
PSD12_MOUSE,0.058141,1091920000,2
PSD13_MOUSE,0.119259,2027000000,4
PSDE_MOUSE,0.028658,718635000,1
PSMD2_MOUSE,0.135412,1474910000,6
PSMD3_MOUSE,0.05264,432843000,2
PSMD4_MOUSE,0.028139,21137000000,1
PSMD6_MOUSE,0.112329,2501630000,4
PSMD7_MOUSE,0.095914,249779000,1
PSMD8_MOUSE,0.071328,336817000,2
PSME1_MOUSE,0.108704,2039390000,4
PSME2_MOUSE,0.041979,453196000,2
PTCD3_MOUSE,0.033477,60779300,1
PTGR2_MOUSE,0.077679,14244300000,9
PTGR3_MOUSE,0.026764,4981350000,6
PTMA_MOUSE,0.090636,22304800,1
PTN11_MOUSE,0.185765,1689780000,3
PTPA_MOUSE,0.018899,250209000,2
PUR2_MOUSE,0.115069,57290000,2
PUR6_MOUSE,0.110108,175293000,1
PUR8_MOUSE,0.06783,1770570000,6
PUR9_MOUSE,0.039637,224040000,2
PURA1_MOUSE,0.090506,3374960000,7
PURA_MOUSE,0.008482,1050620000,4
PURB_MOUSE,0.029494,162763000,1
PXL2B_MOUSE,0.05681,5993160000,5
PXMP2_MOUSE,0.118145,226626000,1
PYC_MOUSE,0.052019,4696460000,14
PYGB_MOUSE,0.084919,156176000000,48
PYGM_MOUSE,0.083437,205598000000,42
PYRD_MOUSE,0.334915,33702400,1
PZP_MOUSE,0.196737,27205500000,25
QCR10_MOUSE,0.037906,6262600000,1
QCR1_MOUSE,0.01985,629765000000,53
QCR2_MOUSE,0.018988,594126000000,51
QCR6_MOUSE,0.024298,40403200000,7
QCR7_MOUSE,0.025296,156491000000,11
QCR8_MOUSE,0.023953,57431000000,5
QCR9_MOUSE,0.01917,27591700000,4
QOR_MOUSE,3.6E-05,302539000,1
RAB10_MOUSE,0.109767,1335910000,1
RAB12_MOUSE,5.0208,631975000,2
RAB14_MOUSE,0.068222,1425370000,3
RAB1A_MOUSE,0.111176,815339000,6
RAB1B_MOUSE,0.085085,1491250000,3
RAB21_MOUSE,0.568291,506778000,2
RAB2A_MOUSE,0.161782,2452570000,5
RAB35_MOUSE,1.327086,878156000,1
RAB5B_MOUSE,3.500791,2158280000,3
RAB6B_MOUSE,0.045082,417757000,1
RAB7A_MOUSE,0.336487,954437000,3
RAC1_MOUSE,0.087553,2117160000,3
RACK1_MOUSE,0.079674,12022100000,13
RADI_MOUSE,0.125103,779989000,3
RALA_MOUSE,0.04115,398388000,1
RANG_MOUSE,0.035608,242813000,1
RAN_MOUSE,0.077934,11659400000,8
RAP1A_MOUSE,0.06935,2510250000,4
RAP1B_MOUSE,0.072678,537423000,5
RAP2C_MOUSE,0.195569,18517300,1
RB11A_MOUSE,0.095953,2954020000,4
RB11B_MOUSE,0.105803,1127560000,4
RBBP7_MOUSE,0.547694,85788100,1
RBMX_MOUSE,0.064968,76571600,1
RBPMS_MOUSE,0.17695,199379000,1
RBX2_MOUSE,0.272894,28894500,1
RCC1_MOUSE,3.7E-05,43174800,1
RDH13_MOUSE,9.5E-05,63279200,1
REEP5_MOUSE,0.027951,2367330000,2
RHOA_MOUSE,0.111625,3560670000,6
RHOC_MOUSE,0.325451,213148000,3
RINI_MOUSE,0.111387,2254610000,9
RL10A_MOUSE,0.04712,1740810000,3
RL10L_MOUSE,1.569765,274140000,1
RL10_MOUSE,0.20629,62120500,1
RL11_MOUSE,0.034151,190434000000,2
RL12_MOUSE,0.041388,1345570000,2
RL13A_MOUSE,0.045978,777351000,2
RL13_MOUSE,0.06232,4058260000,3
RL14_MOUSE,0.097241,3276410000,3
RL15_MOUSE,1.036387,3480450000,3
RL17_MOUSE,0.101386,2973290000,3
RL18A_MOUSE,0.019139,1205390000,2
RL18_MOUSE,0.059039,6826250000,5
RL19_MOUSE,0.146646,2267030000,2
RL21_MOUSE,0.049653,1016030000,1
RL22_MOUSE,0.040612,2572660000,3
RL23A_MOUSE,0.081157,2363270000,4
RL23_MOUSE,0.072425,4678360000,5
RL24_MOUSE,0.099757,4090290000,4
RL27A_MOUSE,0.223072,4793930000,3
RL27_MOUSE,0.089388,551257000,1
RL28_MOUSE,0.075592,492110000,1
RL30_MOUSE,0.028336,941563000,1
RL31_MOUSE,0.05424,1740370000,2
RL32_MOUSE,0.143562,560842000,2
RL35_MOUSE,0.079135,1193510000,1
RL37A_MOUSE,0.05051,347225000,1
RL38_MOUSE,0.241916,974220000,3
RL3_MOUSE,0.046755,428133000,1
RL4_MOUSE,0.046071,8152350000,10
RL5_MOUSE,0.046602,2236060000,5
RL6_MOUSE,0.055634,5649700000,7
RL7A_MOUSE,0.05664,5030490000,5
RL7_MOUSE,0.090399,48972400000,3
RL8_MOUSE,0.051504,8286800000,4
RL9_MOUSE,0.050983,1056710000,4
RLA0_MOUSE,0.052674,2734220000,6
RLA1_MOUSE,0.133973,3364080000,1
RLA2_MOUSE,0.241485,1970040000,2
RM09_MOUSE,0.012328,53925400,1
RM12_MOUSE,0.079584,1218480000,2
RM13_MOUSE,0.039967,28987800,1
RM14_MOUSE,0.025926,299340000,1
RM20_MOUSE,0.132586,207282000,1
RM21_MOUSE,0.012896,539622000,2
RM23_MOUSE,0.034833,265632000,3
RM24_MOUSE,0.006005,308661000,1
RM37_MOUSE,0.019115,50772500,1
RM38_MOUSE,0.943984,207678000,1
RM39_MOUSE,0.039943,384019000,2
RM40_MOUSE,0.144247,120169000,1
RM49_MOUSE,0.477898,580037000,2
RM51_MOUSE,6.3E-05,156920000,1
RM53_MOUSE,0.041027,212499000,1
RM55_MOUSE,0.229709,37803500,1
RMD1_MOUSE,0.031595,1869630000,4
RN114_MOUSE,0.009057,25353500,1
ROA0_MOUSE,0.152447,221368000,1
ROA1_MOUSE,0.139871,6470800000,6
ROA2_MOUSE,0.101624,19449200000,11
ROA3_MOUSE,0.075688,5964380000,5
ROAA_MOUSE,0.180055,1673980000,2
ROMO1_MOUSE,0.018371,1042730000,2
RPN1_MOUSE,0.045726,675875000,2
RPN2_MOUSE,0.071712,344045000,4
RRAS2_MOUSE,0.059656,1837370000,4
RRAS_MOUSE,0.072885,494569000,2
RRFM_MOUSE,0.033344,34119400,1
RS10_MOUSE,0.066213,3828260000,3
RS11_MOUSE,0.055814,647041000,2
RS12_MOUSE,0.061634,4495650000,4
RS13_MOUSE,0.051552,3883140000,2
RS14_MOUSE,0.048238,3910040000,4
RS15A_MOUSE,1.532286,1776500000,2
RS16_MOUSE,0.074127,1822310000,2
RS17_MOUSE,0.098366,919592000,2
RS18_MOUSE,0.064364,2511050000,4
RS19_MOUSE,0.07111,2737430000,4
RS20_MOUSE,0.057796,1184730000,1
RS21_MOUSE,0.046754,1050900000,2
RS23_MOUSE,0.065468,1492300000,3
RS24_MOUSE,34.423982,925417000,2
RS25_MOUSE,0.182847,596634000,1
RS26_MOUSE,0.091725,736012000,1
RS27A_MOUSE,0.230038,53988300000,5
RS27L_MOUSE,0.039736,257647000,1
RS28_MOUSE,0.058215,1875420000,2
RS29_MOUSE,0.276291,178408000,1
RS2_MOUSE,0.05806,2997060000,6
RS3A_MOUSE,0.068327,2667260000,3
RS3_MOUSE,0.070194,6043950000,7
RS4X_MOUSE,0.052691,5971140000,3
RS6_MOUSE,0.008195,846405000,1
RS7_MOUSE,0.04249,2735370000,3
RS8_MOUSE,0.061564,6066790000,7
RSSA_MOUSE,0.059824,2585690000,6
RSU1_MOUSE,0.009057,782461000,2
RT15_MOUSE,0.039816,15975500,1
RT18A_MOUSE,0.054494,81523900,1
RT22_MOUSE,0.047478,117371000,2
RT23_MOUSE,0.052011,274891000,1
RT24_MOUSE,0.053489,31388300,1
RT25_MOUSE,7.5E-05,10540600,1
RT27_MOUSE,0.038451,188122000,2
RT28_MOUSE,0.060812,81977500,1
RT29_MOUSE,0.031092,650111000,1
RT34_MOUSE,0.049826,31373500,1
RT35_MOUSE,2.827862,3609230000,2
RT36_MOUSE,0.021302,5106770000,4
RT4I1_MOUSE,0.027597,7985310000,9
RTCB_MOUSE,0.046614,105637000,1
RTN2_MOUSE,0.047723,7725710000,7
RTN3_MOUSE,0.044971,1881150000,2
RTN4_MOUSE,0.035166,2209570000,2
RTRAF_MOUSE,0.064155,755719000,4
RUXG_MOUSE,0.143462,401116000,1
RYR2_MOUSE,0.070833,73956800000,101
S10A1_MOUSE,0.117166,16974600000,4
S10A6_MOUSE,2.886566,5929940000,1
S10AA_MOUSE,0.034239,682057000,1
S10AB_MOUSE,0.094614,908099000,2
S2542_MOUSE,0.027313,548005000,2
S2551_MOUSE,0.146986,1113480000,2
S27A1_MOUSE,0.112834,1212540000,4
SAC1_MOUSE,0.050621,716190000,4
SAHH_MOUSE,0.03149,1677360000,6
SAM50_MOUSE,0.015924,52675400000,21
SAP_MOUSE,0.145626,8743230000,7
SARNP_MOUSE,0.060565,498522000,1
SBP1_MOUSE,0.044365,79133000000,30
SC23A_MOUSE,0.102292,274799000,2
SC31A_MOUSE,0.071056,1298860000,1
SC61B_MOUSE,0.048562,73465900,1
SCO1_MOUSE,0.011421,385215000,2
SCO2_MOUSE,0.070407,93482000,2
SCOT1_MOUSE,0.04765,155315000000,40
SCP2_MOUSE,0.171003,11176600000,8
SCPDL_MOUSE,0.024665,1544150000,5
SCRN2_MOUSE,0.019157,35391900,1
SCRN3_MOUSE,0.027132,724899000,3
SDCB1_MOUSE,0.043628,59821700,1
SDHA_MOUSE,0.033744,548384000000,69
SDHB_MOUSE,0.03479,175604000000,20
SDHF2_MOUSE,0.045448,112720000,2
SEPT2_MOUSE,0.027943,1295680000,4
SEPT4_MOUSE,0.03096,38920800,1
SEPT6_MOUSE,0.053388,33513400,1
SEPT7_MOUSE,0.065373,639179000,1
SEPT9_MOUSE,9.874304,1880490000,1
SERPH_MOUSE,0.169787,3523640000,8
SFPQ_MOUSE,0.0496,1101890000,4
SGCA_MOUSE,0.047008,4274840000,5
SGCB_MOUSE,0.039776,2454860000,4
SGCD_MOUSE,0.03699,2742700000,5
SGCG_MOUSE,0.050351,1557130000,2
SGTA_MOUSE,0.039976,94158700,1
SH3BG_MOUSE,0.06704,3083720000,4
SH3L1_MOUSE,0.08777,406993000,2
SH3L3_MOUSE,0.032096,960347000,2
SHLB1_MOUSE,0.191989,406476000,1
SHLB2_MOUSE,0.000226,174315000,1
SIM20_MOUSE,0.054653,259550000,1
SIR3_MOUSE,0.044935,452139000,3
SIR5_MOUSE,0.022657,20043100000,12
SKP1_MOUSE,0.129502,28503400,1
SLMAP_MOUSE,1.34987,2084140000,3
SMPX_MOUSE,0.206569,1291490000,2
SMYD1_MOUSE,0.050149,17523000000,15
SNAA_MOUSE,0.043873,473548000,2
SND1_MOUSE,0.261558,1664560000,2
SNTA1_MOUSE,0.051346,5266330000,9
SNX2_MOUSE,0.060023,49606000,1
SNX32_MOUSE,0.005363,685003000,1
SODC_MOUSE,0.049007,130397000000,6
SODM_MOUSE,0.022205,165366000000,28
SORCN_MOUSE,0.030541,722893000,1
SPA3K_MOUSE,0.485964,7040130000,6
SPA3M_MOUSE,0.258682,316479000,2
SPB6_MOUSE,0.04209,2892380000,7
spCASB_BOVIN,9E-06,842842000,1
SPEG_MOUSE,0.032383,1659060000,7
spK1C10_HUMAN,0.00272,10682100000,10
spK1C9_HUMAN,0.000199,17535900000,13
spK22E_HUMAN,8.9E-05,4352460000,8
spK2C1_HUMAN,6.3E-05,11462900000,16
spMYG_HORSE,0.476941,2672600000,3
SPRE_MOUSE,0.041467,46446500000,11
SPRY4_MOUSE,0.046716,842352000,2
SPSY_MOUSE,0.029334,19297900,1
SPTA1_MOUSE,0.102456,985974000,2
SPTB1_MOUSE,0.029186,632078000,3
SPTB2_MOUSE,0.097963,52409300000,65
SPTN1_MOUSE,0.033825,147585000000,83
spTRYP_PIG,0.000373,208547000000,9
spUBE2I_HUMAN,0.156853,46592200,1
SQOR_MOUSE,0.245,2542790000,6
SRBS1_MOUSE,0.082805,14353300000,13
SRBS2_MOUSE,0.076636,20347000000,18
SRC8_MOUSE,0.068524,44828700,1
SRCA_MOUSE,0.019647,386585000000,51
SRPRB_MOUSE,0.342122,36009100,1
SRSF1_MOUSE,0.113477,964056000,1
SRSF3_MOUSE,1.803703,817202000,2
SRSF4_MOUSE,0.028118,2872800000,1
SSBP_MOUSE,0.026933,2406400000,5
SSDH_MOUSE,0.021239,11611500000,16
STA5A_MOUSE,0.080695,132911000,1
STIP1_MOUSE,0.118572,2355980000,6
STML2_MOUSE,0.031384,194297000,1
STOM_MOUSE,0.08921,1429400000,4
STRAP_MOUSE,0.085681,42081600,1
STX12_MOUSE,0.238886,76051600,1
STX7_MOUSE,0.078503,268704000,1
SUCA_MOUSE,0.019526,159249000000,25
SUCB1_MOUSE,0.027216,259191000000,34
SUCB2_MOUSE,0.061718,24778600000,12
SUMO2_MOUSE,0.188113,1194560000,1
SUOX_MOUSE,0.027943,893782000,3
SURF4_MOUSE,0.064227,28792400000,6
SUV3_MOUSE,0.043373,210591000,1
SYCM_MOUSE,0.00789,101258000,1
SYDC_MOUSE,0.029673,2904880000,2
SYEP_MOUSE,0.069486,1599120000,11
SYIC_MOUSE,0.335187,243801000,2
SYIM_MOUSE,0.030617,10813100000,14
SYK_MOUSE,0.112465,377985000,1
SYLM_MOUSE,0.021861,132058000,2
SYMM_MOUSE,0.03397,12657600,1
SYNC_MOUSE,0.084423,26127500,1
SYNP2_MOUSE,0.068098,1867470000,6
SYNPO_MOUSE,0.141968,982996000,5
SYP2L_MOUSE,0.05408,7667210000,10
SYPL1_MOUSE,0.020242,910982000,1
SYQ_MOUSE,0.085997,914153000,3
SYRC_MOUSE,0.059588,1705050000,2
SYUG_MOUSE,0.27242,77989500,1
SYWC_MOUSE,3.197588,441057000,3
SYYM_MOUSE,0.051114,45107400,1
T22D1_MOUSE,0.020098,2515960000,1
TACO1_MOUSE,0.072883,18941200000,4
TADBP_MOUSE,0.173251,2257650000,5
TAGL2_MOUSE,0.060598,5505290000,8
TAGL_MOUSE,0.052421,5964100000,7
TALDO_MOUSE,2.698001,11502300000,3
TAU_MOUSE,0.102101,218837000,2
TBA1A_MOUSE,0.067505,59362100000,29
TBA1B_MOUSE,0.06482,24606800000,30
TBA1C_MOUSE,0.053712,6317950000,18
TBA4A_MOUSE,0.075582,17826900000,6
TBA8_MOUSE,0.128151,3442610000,4
TBB2A_MOUSE,0.039508,112513000000,30
TBB2B_MOUSE,0.065261,10924000000,26
TBB4B_MOUSE,0.038648,51429700000,12
TBB5_MOUSE,0.065254,6076950000,4
TCPA_MOUSE,0.146336,1272470000,6
TCPB_MOUSE,0.121143,7267390000,12
TCPD_MOUSE,0.098899,1035730000,4
TCPE_MOUSE,0.143874,1189470000,2
TCPG_MOUSE,0.050168,20810400000,8
TCPH_MOUSE,0.117531,1257990000,3
TCPQ_MOUSE,0.155487,3316270000,6
TCPZ_MOUSE,0.19584,1829060000,5
TCTP_MOUSE,0.136274,9505090000,6
TEBP_MOUSE,0.060731,2881440000,1
TECRL_MOUSE,0.038706,290507000,4
TECR_MOUSE,0.087356,170307000,1
TELT_MOUSE,0.687686,7012880000,4
TERA_MOUSE,0.127001,35443600000,23
TFAM_MOUSE,0.029318,1188750000,3
TGM2_MOUSE,0.054272,65556300000,23
THEM4_MOUSE,0.026833,129300000,1
THIKA_MOUSE,0.096272,788257000,2
THIL_MOUSE,0.024357,317188000000,47
THIM_MOUSE,0.021298,879645000000,60
THIOM_MOUSE,0.024255,2007720000,1
THIO_MOUSE,0.037546,9029800000,3
THOC4_MOUSE,0.000666,50207200,1
THTM_MOUSE,0.071074,708316000,2
THTR_MOUSE,0.022803,3158700000,4
TIDC1_MOUSE,0.03206,244020000,2
TIM10_MOUSE,0.024412,314462000,1
TIM13_MOUSE,0.038807,6289490000,3
TIM21_MOUSE,123.878812,315266000,1
TIM29_MOUSE,7.1E-05,107138000,1
TIM44_MOUSE,0.035696,12733800000,11
TIM50_MOUSE,0.04645,1881660000,4
TIM8A_MOUSE,0.021215,3368060000,2
TIM8B_MOUSE,4.71589,1547820000,1
TIM9_MOUSE,0.020159,15003000,1
TINAL_MOUSE,0.058755,1628450000,6
TITIN_MOUSE,0.042643,3979790000000,1422
TKT_MOUSE,0.048259,1326130000,5
TLN1_MOUSE,0.068013,10046600000,24
TLN2_MOUSE,0.031387,8164890000,17
TM109_MOUSE,2.2E-05,2794230000,1
TM143_MOUSE,0.025496,4755360000,8
TM177_MOUSE,0.000795,15027400,1
TM186_MOUSE,4.8E-05,592382000,1
TM201_MOUSE,0.084929,28253900,1
TM205_MOUSE,0.125982,272344000,1
TM38A_MOUSE,0.075553,1143860000,2
TMED2_MOUSE,0.072861,148704000,1
TMEDA_MOUSE,0.132381,667214000,2
TMLH_MOUSE,0.027759,294632000,2
TMM11_MOUSE,0.026003,514495000,1
TMM65_MOUSE,0.018721,2806160000,3
TMOD1_MOUSE,0.110784,10460700000,12
TMX1_MOUSE,0.053099,401527000,2
TMX2_MOUSE,0.136335,375949000,2
TMX3_MOUSE,0.317968,45703500,1
TNG2_MOUSE,0.047555,3761880000,4
TNNC1_MOUSE,0.065264,145123000000,10
TNNI3_MOUSE,0.098925,316078000000,9
TNNT2_MOUSE,0.101943,405897000000,24
TNS2_MOUSE,0.116066,460648000,2
TOLIP_MOUSE,0.19034,1375630000,1
TOM1_MOUSE,0.26796,481134000,3
TOM22_MOUSE,0.023797,4888090000,2
TOM40_MOUSE,0.024137,5201110000,6
TOM70_MOUSE,0.128411,1851000000,4
TPD54_MOUSE,0.034441,34912400,1
TPIS_MOUSE,0.047825,204069000000,22
TPM1_MOUSE,0.080277,1127270000000,36
TPM2_MOUSE,0.060498,16430100000,3
TPM3_MOUSE,0.07796,266487000,1
TPM4_MOUSE,1.192845,255992000,2
TPP1_MOUSE,0.018617,673295000,3
TPP2_MOUSE,0.0261,895000000,2
TRAP1_MOUSE,0.054417,10769600000,14
TRFE_MOUSE,0.283766,112346000000,47
TRI54_MOUSE,0.779871,1881560000,3
TRI72_MOUSE,0.103663,40455700000,16
TRXR1_MOUSE,0.054229,6995120000,4
TRXR2_MOUSE,0.02808,9458520000,8
TSP1_MOUSE,0.1299,210399000,1
TTC38_MOUSE,0.129926,1461290000,5
TTHY_MOUSE,1.625998,12573000000,5
TX1B3_MOUSE,0.09705,175063000,2
TXD17_MOUSE,0.042518,962377000,4
TXLNB_MOUSE,0.788769,685028000,2
TXND5_MOUSE,0.056392,24841000,1
TXNL1_MOUSE,0.121128,655921000,3
UB2D1_MOUSE,1.7E-05,139377000,1
UB2D2_MOUSE,0.242104,732072000,2
UB2L3_MOUSE,0.058368,5078150000,3
UB2V1_MOUSE,0.052513,1160770000,3
UB2V2_MOUSE,0.036291,818429000,3
UBA1_MOUSE,0.078407,8795730000,18
UBC12_MOUSE,2.091419,665388000,2
UBE2K_MOUSE,0.108001,1078270000,4
UBE2N_MOUSE,0.052166,6830300000,4
UBP14_MOUSE,0.017056,1143030000,4
UBP15_MOUSE,0.069672,30714700,1
UBP2L_MOUSE,0.209843,126957000,1
UBP5_MOUSE,0.083058,1066610000,5
UBQL1_MOUSE,0.036148,144748000,1
UBXN1_MOUSE,0.280328,275618000,1
UCHL1_MOUSE,0.000711,93202400,1
UCHL3_MOUSE,0.043748,4236370000,3
UCP3_MOUSE,0.019934,31176900,1
UCRI_MOUSE,0.02281,220088000000,28
UFM1_MOUSE,0.002253,67718900,1
UGPA_MOUSE,0.097991,5449270000,10
UN45B_MOUSE,0.112297,586278000,2
UQCC1_MOUSE,0.538924,617950000,3
UQCC3_MOUSE,0.01018,1382510000,1
USP9X_MOUSE,0.10344,211338000,1
VAMP2_MOUSE,0.005469,761100000,2
VAMP3_MOUSE,0.170211,58338200,1
VAPA_MOUSE,5.258011,707258000,2
VAPB_MOUSE,0.049632,5163800000,6
VAT1_MOUSE,0.029158,2550780000,1
VATA_MOUSE,0.088971,71477700,2
VATB2_MOUSE,0.140842,132011000,1
VATL_MOUSE,0.79794,767219000,1
VDAC1_MOUSE,0.027464,406878000000,27
VDAC2_MOUSE,0.028662,139593000000,17
VDAC3_MOUSE,0.029507,161609000000,12
VIGLN_MOUSE,0.067549,113487000,1
VIME_MOUSE,0.070032,60658500000,25
VINC_MOUSE,0.02786,64342800000,32
VINEX_MOUSE,0.12835,659765000,1
VP26A_MOUSE,0.024525,698285000,1
VP26B_MOUSE,5.9E-05,422620000,1
VPS35_MOUSE,0.069045,6329980000,8
VTDB_MOUSE,0.822589,2477790000,4
VWA1_MOUSE,0.00873,204700000,2
VWA8_MOUSE,0.036275,30423600000,41
WBP2_MOUSE,0.037823,68299600,1
WDR1_MOUSE,0.055886,15427800000,17
XDH_MOUSE,0.04655,334140000,3
XIRP1_MOUSE,0.126764,847595000,3
YBOX1_MOUSE,0.043032,461290000,2
YKT6_MOUSE,17.856232,8586970,1
ZNT9_MOUSE,0.028734,294195000,2

